,CD4 Naive,CD4 TCM,CD4 TEM,CD8 Naive,CD8 TEM
0,0.963350785340314,0.9221556886227545,0.9411764705882353,0.9895470383275262,0.9837837837837837
1,0.9498525073746313,0.911764705882353,0.9333333333333333,0.974169741697417,0.9569377990430622
2,0.9618768328445748,0.9395348837209303,0.7777777777777778,0.9963636363636363,0.9735449735449735
3,0.954954954954955,0.9304812834224598,0.9,0.9929078014184397,0.9722222222222222
4,0.9575757575757576,0.940677966101695,0.9090909090909091,0.9898305084745763,0.963855421686747
5,0.9562841530054644,0.9304812834224598,0.8,0.9831649831649831,0.9617486338797814
6,0.9775280898876405,0.96875,1.0,0.9788732394366197,0.96875
7,0.9631578947368421,0.93,0.8,0.9893238434163701,0.962962962962963
8,0.9635854341736695,0.9339622641509433,0.888888888888889,0.9855072463768116,0.96
9,0.9645776566757494,0.9411764705882353,1.0,0.9729729729729729,0.9378531073446328
10,0.9696969696969696,0.945054945054945,1.0,0.9964912280701755,0.9690721649484537
11,0.9772727272727272,0.9617486338797814,0.9333333333333333,0.9896193771626298,0.9748743718592964
12,0.9700996677740865,0.9568965517241379,0.888888888888889,0.9934640522875817,0.9723756906077348
13,0.9732937685459939,0.934131736526946,0.8,0.990228013029316,0.9622641509433962
14,0.9750692520775623,0.9550561797752809,1.0,0.9904761904761905,0.9634146341463414
15,0.9591836734693877,0.9306930693069307,0.8571428571428571,0.9836065573770492,0.9533678756476685
16,0.9661016949152541,0.9411764705882354,0.7499999999999999,1.0,0.9849246231155778
17,0.954954954954955,0.925925925925926,0.923076923076923,0.9964412811387899,0.9641025641025641
18,0.9651474530831099,0.9411764705882354,0.8750000000000001,0.9926470588235294,0.9710982658959537
19,0.9689440993788819,0.9494949494949495,0.888888888888889,0.9931972789115646,0.9805825242718447
20,0.9752066115702479,0.9611650485436893,0.9565217391304348,0.9870129870129869,0.9767441860465117
21,0.9651474530831099,0.9473684210526315,0.8750000000000001,0.989247311827957,0.9813664596273292
22,0.9614243323442137,0.9239130434782609,0.7272727272727273,0.9869281045751634,0.9700000000000001
23,0.9489489489489489,0.9288702928870293,0.8750000000000001,0.9816849816849818,0.96045197740113
24,0.9814814814814815,0.9639639639639639,0.8571428571428571,0.9893238434163701,0.9644670050761421
25,0.9644970414201183,0.9473684210526315,0.923076923076923,0.9964912280701755,0.9689440993788819
26,0.9597701149425287,0.908108108108108,0.8750000000000001,0.9903536977491961,0.9662921348314608
27,0.9567430025445293,0.8995215311004785,0.888888888888889,1.0,0.9726775956284153
28,0.96986301369863,0.9533678756476685,1.0,0.9878542510121457,0.985781990521327
29,0.9657142857142856,0.9528301886792453,1.0,0.9895470383275262,0.983050847457627
30,0.973134328358209,0.9479166666666667,0.9473684210526316,0.9932885906040269,0.9793814432989691
31,0.98005698005698,0.9743589743589743,1.0,0.9933774834437086,0.9876543209876543
32,0.9684813753581661,0.9464285714285714,0.7499999999999999,0.988593155893536,0.9690721649484536
33,0.9710610932475885,0.9468599033816425,0.962962962962963,0.9966777408637874,0.9791666666666666
34,0.9672131147540983,0.9411764705882353,0.9473684210526316,0.9961977186311787,0.9605263157894737
35,0.9657142857142857,0.9204545454545454,0.9473684210526316,0.9868421052631579,0.9523809523809524
36,0.9771428571428572,0.9565217391304348,0.6666666666666666,0.9930555555555556,0.9613259668508287
37,0.968944099378882,0.9519650655021833,0.888888888888889,0.99009900990099,0.9518072289156626
38,0.9712643678160918,0.9405940594059407,0.9032258064516129,0.9965397923875432,0.9523809523809524
39,0.9611940298507462,0.9389671361502347,0.846153846153846,0.9703703703703703,0.9381443298969072
40,0.9578947368421052,0.9302325581395349,0.9333333333333333,0.9789029535864979,0.9633507853403142
41,0.9666666666666667,0.9270833333333334,0.9285714285714286,0.9818181818181818,0.9617486338797814
42,0.9841269841269842,0.9621621621621622,0.9411764705882353,0.9843749999999999,0.9801980198019802
43,0.9908814589665653,0.989247311827957,0.923076923076923,0.9934640522875817,0.9803921568627451
44,0.9807692307692307,0.951923076923077,0.888888888888889,0.9867549668874172,0.9595959595959597
45,0.9586776859504132,0.9255319148936171,1.0,0.9967426710097721,0.9605263157894737
46,0.9774011299435029,0.9502262443438914,0.8421052631578948,1.0,0.9651162790697674
47,0.9779005524861879,0.9547738693467336,1.0,0.9787234042553192,0.9608938547486033
48,0.9754601226993865,0.9707112970711297,1.0,0.986111111111111,0.9696969696969697
49,0.9772727272727272,0.9636363636363636,0.9090909090909091,0.993103448275862,0.9575757575757574
50,0.9627507163323782,0.9417989417989417,1.0,0.989247311827957,0.9758454106280193
51,0.956989247311828,0.9142857142857144,0.9,0.9877551020408164,0.9738219895287958
52,0.964169381107492,0.9545454545454545,0.8,0.9937888198757764,0.9585798816568047
53,0.981029810298103,0.9341317365269461,0.9411764705882353,0.9966555183946488,0.967741935483871
54,0.9606741573033708,0.9238095238095239,1.0,0.9928571428571429,0.9782608695652174
55,0.946524064171123,0.9098712446351931,0.9411764705882353,0.9961089494163424,0.9554140127388535
56,0.9732620320855615,0.9292929292929293,0.8421052631578948,0.996389891696751,0.976470588235294
57,0.9576719576719577,0.9154228855721392,1.0,1.0,0.9841269841269842
58,0.9661538461538461,0.9257142857142858,0.8235294117647058,0.9907120743034055,0.9696969696969697
59,0.9421965317919075,0.9223744292237444,0.8333333333333333,0.983050847457627,0.9397590361445785
60,0.9617486338797815,0.9411764705882353,0.9,0.978723404255319,0.9483568075117371
61,0.978328173374613,0.9787234042553192,0.962962962962963,0.9920634920634921,0.9751243781094527
62,0.9673590504451038,0.9502262443438914,1.0,0.9857142857142858,0.9473684210526316
63,0.961111111111111,0.9111111111111112,1.0,0.980891719745223,0.927710843373494
64,0.956989247311828,0.9157894736842105,0.8,0.988929889298893,0.9578947368421052
65,0.9732937685459939,0.9468599033816426,0.9333333333333333,0.9897610921501706,0.956989247311828
66,0.9627329192546583,0.9365853658536586,0.8333333333333333,0.9880239520958084,0.9575757575757576
67,0.9576547231270358,0.9468599033816426,0.9565217391304348,0.9770491803278688,0.9489795918367347
68,0.9811320754716981,0.9430051813471502,0.782608695652174,0.9925373134328358,0.9726775956284154
69,0.96875,0.9506726457399104,0.9333333333333333,0.9966329966329966,0.994535519125683
70,0.978978978978979,0.9595959595959594,0.9032258064516129,0.993103448275862,0.978494623655914
71,0.9703504043126684,0.9473684210526315,0.8571428571428571,0.9919999999999999,0.9625668449197862
72,0.9593023255813954,0.935960591133005,0.967741935483871,0.9961685823754789,0.9748743718592964
73,0.9649122807017545,0.9400921658986175,0.6666666666666666,0.988929889298893,0.9533678756476685
74,0.9473684210526315,0.9223744292237445,0.8571428571428571,0.9841269841269841,0.962962962962963
75,0.9518716577540107,0.912621359223301,0.9411764705882353,0.9803921568627451,0.9467455621301774
76,0.9520958083832335,0.9285714285714286,0.7692307692307693,0.9793103448275863,0.9491525423728814
77,0.9763313609467456,0.9497206703910613,0.8235294117647058,0.9866666666666666,0.9607843137254902
78,0.9467455621301775,0.9339207048458151,0.9090909090909091,0.9825783972125435,0.96
79,0.9516539440203562,0.9,0.888888888888889,0.9929577464788732,0.9736842105263157
80,0.9585798816568047,0.9600000000000001,1.0,0.9805194805194807,0.9294117647058823
81,0.9703504043126684,0.9347826086956522,1.0,0.9924242424242424,0.9748743718592964
82,0.9672131147540983,0.9361702127659574,0.923076923076923,0.9855072463768116,0.9641025641025641
83,0.963855421686747,0.9326923076923078,0.923076923076923,0.989399293286219,0.9801980198019802
84,0.9492537313432836,0.9422222222222223,0.8,0.9854014598540147,0.9456521739130435
85,0.9684813753581661,0.9381443298969072,0.7692307692307693,0.9935064935064934,0.9655172413793104
86,0.9705093833780162,0.9523809523809523,0.9473684210526316,0.9858156028368794,0.9714285714285714
87,0.9618768328445748,0.9433962264150944,0.888888888888889,0.9928057553956835,0.9417989417989417
88,0.968586387434555,0.9132947976878611,0.9411764705882353,0.9895470383275261,0.9497206703910613
89,0.9659090909090909,0.9367088607594938,0.8571428571428571,0.9916666666666667,0.9641025641025641
90,0.9736842105263157,0.9533678756476685,0.8235294117647058,0.9888475836431226,0.9608938547486033
91,0.9790575916230366,0.9444444444444444,0.8571428571428571,0.9886792452830189,0.964467005076142
92,0.962536023054755,0.9351851851851852,0.8,1.0,0.9613259668508287
93,0.9855907780979827,0.9662921348314606,0.8333333333333333,0.9838187702265372,0.9583333333333334
94,0.9813664596273292,0.975609756097561,0.8571428571428571,0.9851851851851852,0.9740932642487047
95,0.961439588688946,0.9371980676328502,0.888888888888889,0.9814126394052044,0.9390243902439025
96,0.9595375722543352,0.9333333333333333,0.9333333333333333,0.9888475836431226,0.9696969696969696
97,0.9684813753581661,0.9585253456221199,1.0,0.9843749999999999,0.9595959595959594
98,0.9585492227979275,0.9389671361502349,0.8750000000000001,0.9919354838709677,0.9600000000000001
99,0.9417989417989419,0.9054726368159204,1.0,0.9770992366412214,0.9608938547486033
100,0.9771428571428571,0.9680365296803655,1.0,0.9785714285714285,0.9717514124293786
101,0.9815303430079156,0.9680851063829787,0.8571428571428571,0.9961685823754789,0.9629629629629629
102,0.9685534591194969,0.9704641350210972,0.9411764705882353,0.9811320754716981,0.9651741293532338
103,0.9690140845070423,0.9273743016759777,0.7692307692307693,0.9891696750902527,0.9532710280373832
104,0.9421487603305785,0.89,0.7777777777777778,0.9785714285714285,0.9491525423728815
105,0.9767441860465116,0.9642857142857143,1.0,0.9923076923076923,0.98
106,0.9731182795698925,0.9488372093023256,0.9090909090909091,0.9961389961389961,0.9723756906077348
107,0.9681159420289855,0.9488372093023255,1.0,0.9964912280701755,0.983050847457627
108,0.9662921348314607,0.9545454545454546,0.8,0.9857142857142858,0.9461077844311377
109,0.947945205479452,0.9223744292237442,0.9090909090909091,0.989010989010989,0.9647058823529412
110,0.9629629629629629,0.9576271186440678,1.0,0.990228013029316,0.9815950920245398
111,0.976,0.9617486338797814,0.7692307692307693,0.9926470588235294,0.964102564102564
112,0.9735449735449735,0.95,0.923076923076923,0.986111111111111,0.9559748427672956
113,0.96875,0.9463414634146342,0.9333333333333333,0.9870967741935484,0.9680851063829786
114,0.9671641791044776,0.9353233830845772,0.888888888888889,0.989247311827957,0.9719626168224299
115,0.9479768786127167,0.9082568807339451,0.9523809523809523,0.982078853046595,0.9425287356321839
116,0.9705093833780161,0.9387755102040817,0.9411764705882353,1.0,0.9886363636363636
117,0.9675675675675676,0.935960591133005,0.7272727272727273,0.993006993006993,0.9642857142857143
118,0.9846153846153846,0.9615384615384616,0.88,0.9928571428571429,0.9700000000000001
119,0.952112676056338,0.9111111111111112,0.7499999999999999,0.9937888198757764,0.9595375722543353
120,0.9715909090909092,0.951923076923077,0.8235294117647058,0.988929889298893,0.9578947368421052
121,0.9714285714285714,0.9350649350649352,0.7777777777777778,0.996415770609319,0.9625
122,0.9792746113989639,0.945054945054945,0.8,0.989090909090909,0.9789473684210526
123,0.9763313609467456,0.9626168224299064,0.8333333333333333,0.9933774834437086,0.9651162790697674
124,0.970189701897019,0.9387755102040817,0.9333333333333333,0.9831649831649831,0.9565217391304347
125,0.9444444444444445,0.9081081081081082,1.0,0.9726027397260273,0.9518716577540107
126,0.968586387434555,0.9411764705882354,1.0,0.9777777777777777,0.9665071770334929
127,0.9659090909090909,0.9478672985781991,0.9411764705882353,0.98989898989899,0.9440993788819876
128,0.9618320610687023,0.9157894736842105,1.0,0.9885931558935361,0.9759036144578312
129,0.9693251533742331,0.9547738693467337,0.8,0.9897610921501707,0.975609756097561
130,0.9695290858725762,0.9439252336448598,1.0,0.9957805907172996,0.9902912621359223
131,0.9631728045325779,0.9345794392523364,1.0,1.0,0.9950738916256158
132,0.9557522123893805,0.9238095238095239,0.9090909090909091,0.9739776951672863,0.9494949494949495
133,0.9576719576719576,0.918918918918919,0.9333333333333333,0.9932432432432432,1.0
134,0.9859943977591036,0.9751243781094527,0.888888888888889,0.9883268482490272,0.9719626168224299
135,0.9655172413793104,0.9310344827586208,0.8571428571428571,0.9966555183946488,0.9735449735449735
136,0.98005698005698,0.9663865546218487,1.0,0.9891696750902527,0.9634146341463415
137,0.9770114942528735,0.9473684210526315,0.8571428571428571,0.9787234042553191,0.943820224719101
138,0.9553072625698323,0.9081632653061225,1.0,0.996282527881041,0.9852216748768473
139,0.9717223650385605,0.9319371727748691,0.8695652173913044,1.0,0.9803921568627451
140,0.9401709401709402,0.8962264150943395,0.888888888888889,0.9961389961389961,0.9758454106280194
141,0.9606741573033708,0.9444444444444444,0.9,0.9811320754716981,0.9502762430939227
142,0.968421052631579,0.9504950495049506,0.9411764705882353,0.9931506849315068,0.9523809523809524
143,0.9619565217391304,0.9180327868852459,0.8333333333333333,0.9893238434163701,0.9690721649484537
144,0.9629629629629629,0.9237668161434978,0.8333333333333333,1.0,0.9883720930232558
145,0.9518413597733711,0.9197860962566844,0.9411764705882353,0.9868421052631579,0.9491525423728815
146,0.978494623655914,0.9595959595959594,1.0,0.9900332225913622,0.9673202614379085
147,0.9728395061728395,0.9302325581395349,0.9333333333333333,0.9925373134328358,0.9775280898876404
148,0.9617834394904458,0.9531914893617022,0.9473684210526316,0.9931506849315068,0.9887640449438202
149,0.9584487534626038,0.9209302325581395,0.8571428571428571,0.9855072463768115,0.9534883720930233
150,0.9464285714285715,0.9222222222222224,0.8,0.9694915254237287,0.9468599033816426
151,0.9690140845070423,0.9365853658536586,0.9473684210526316,0.9848484848484849,0.9538461538461539
152,0.9593908629441623,0.9273743016759777,0.8,0.9777777777777779,0.9444444444444444
153,0.9582172701949861,0.9132947976878613,1.0,0.9905362776025236,0.9828571428571428
154,0.9887005649717514,0.9782608695652174,0.9,0.9824561403508771,0.9538461538461538
155,0.9752475247524753,0.9462365591397849,1.0,0.9925373134328358,0.9753086419753086
156,0.9801699716713881,0.9603960396039604,1.0,1.0,0.993939393939394
157,0.9749303621169916,0.964102564102564,1.0,0.9826989619377162,0.9625668449197862
158,0.9467455621301776,0.9238095238095239,0.9090909090909091,0.9930555555555556,0.9738219895287958
159,0.9757412398921833,0.9592760180995474,0.8571428571428571,0.9887640449438201,0.9696969696969697
160,0.9688385269121812,0.9313725490196079,0.9565217391304348,0.9861111111111112,0.9529411764705883
161,0.9618768328445748,0.924731182795699,1.0,0.9894736842105264,0.9639639639639639
162,0.9655172413793104,0.9315068493150684,0.8333333333333333,0.989247311827957,0.9666666666666666
163,0.9691876750700281,0.9411764705882354,1.0,0.9838187702265372,0.9479768786127168
164,0.9597701149425287,0.9339622641509434,0.8148148148148148,0.9918032786885246,0.9565217391304348
165,0.9686609686609686,0.9253731343283582,0.888888888888889,0.9855072463768116,0.9479166666666667
166,0.9604863221884499,0.926605504587156,0.888888888888889,0.9833887043189369,0.9613259668508287
167,0.9793510324483775,0.958139534883721,0.923076923076923,0.9842519685039369,0.967741935483871
168,0.9595375722543353,0.9463414634146342,0.923076923076923,0.9846153846153847,0.9813084112149533
169,0.9671052631578947,0.9538461538461538,0.9,0.9844236760124611,0.9595959595959597
170,0.9679144385026738,0.9458128078817734,0.8,0.9961977186311787,0.9574468085106383
171,0.9685534591194969,0.9543147208121827,1.0,0.9873417721518987,0.9633507853403142
172,0.9817232375979114,0.9556650246305418,0.6,0.9846153846153847,0.956043956043956
173,0.9473684210526316,0.9216589861751152,0.9090909090909091,0.9966555183946488,0.9680851063829786
174,0.9637883008356547,0.9278350515463918,0.9523809523809523,0.9846153846153847,0.9705882352941176
175,0.9532163742690059,0.926829268292683,1.0,0.989247311827957,0.9696969696969697
176,0.9483282674772037,0.9120879120879122,0.8750000000000001,0.99009900990099,0.9519230769230769
177,0.9661016949152541,0.9432314410480349,0.9090909090909091,0.9898305084745762,0.9395973154362416
178,0.9637305699481865,0.9213483146067416,0.8571428571428571,0.9782608695652174,0.967391304347826
179,0.9746478873239436,0.964824120603015,0.9333333333333333,0.986013986013986,0.9836065573770492
180,0.9661016949152543,0.9289099526066351,0.6153846153846153,0.9781021897810218,0.9139784946236559
181,0.9731182795698925,0.9462365591397849,0.8,0.9791666666666666,0.9491525423728813
182,0.972568578553616,0.9411764705882353,0.9333333333333333,0.9915254237288135,0.978021978021978
183,0.957983193277311,0.9278350515463917,1.0,0.9967637540453074,0.9753086419753086
184,0.9616519174041299,0.935064935064935,0.9032258064516129,0.9930555555555556,0.9664429530201343
185,0.9714285714285714,0.9547738693467337,0.962962962962963,0.9924812030075187,0.9591836734693878
186,0.9688385269121812,0.9523809523809523,0.9090909090909091,0.9823321554770317,0.9613259668508287
187,0.9476744186046513,0.9363636363636364,0.9411764705882353,0.988929889298893,0.956989247311828
188,0.9672131147540983,0.9533678756476685,0.7692307692307693,0.9726027397260274,0.9425287356321839
189,0.9656992084432717,0.94,0.8235294117647058,0.9895470383275261,0.9548387096774192
190,0.949367088607595,0.9032258064516129,0.8,0.9714285714285713,0.9285714285714286
191,0.9655172413793104,0.9411764705882353,0.8,0.9863945578231292,0.9302325581395349
192,0.9664429530201343,0.9577464788732395,0.88,0.9965635738831615,0.966824644549763
193,0.9535603715170279,0.9279279279279279,0.9523809523809523,0.9898305084745763,0.9717514124293786
194,0.943089430894309,0.9216589861751152,1.0,0.9838709677419355,0.9574468085106383
195,0.9691876750700279,0.9585253456221199,0.9166666666666666,0.9841269841269841,0.9574468085106383
196,0.9703504043126684,0.9491525423728814,0.8,0.9887640449438202,0.9577464788732394
197,0.9656992084432718,0.9207920792079207,0.8571428571428571,0.9774436090225563,0.9411764705882353
198,0.9680851063829786,0.9214659685863874,0.8750000000000001,0.9772727272727273,0.9424083769633508
199,0.9762532981530342,0.9447236180904524,0.8235294117647058,0.9885057471264368,0.978021978021978
200,0.967359050445104,0.9458128078817735,0.9333333333333333,0.9862068965517242,0.9637305699481866
201,0.9579831932773109,0.9178743961352657,1.0,1.0,0.989247311827957
202,0.9717514124293786,0.9596412556053812,1.0,1.0,0.993939393939394
203,0.9685863874345549,0.941747572815534,0.9411764705882353,0.9881422924901185,0.9777777777777779
204,0.9647058823529412,0.9447236180904524,0.7499999999999999,0.9788732394366197,0.9565217391304348
205,0.9666666666666667,0.9599999999999999,0.8,0.9928057553956835,0.9575757575757576
206,0.9775280898876404,0.9368421052631578,0.88,0.9929577464788732,0.9836065573770492
207,0.9695431472081218,0.9502262443438914,1.0,0.9836065573770492,0.9710982658959537
208,0.9622166246851385,0.9333333333333335,1.0,0.9772727272727273,0.9259259259259258
209,0.9523809523809524,0.918918918918919,1.0,0.9966329966329966,0.9826589595375722
210,0.9835164835164835,0.962962962962963,0.8750000000000001,1.0,0.9883720930232558
211,0.9784946236559139,0.9528795811518325,0.9523809523809523,1.0,0.9887640449438202
212,0.9684813753581661,0.9464285714285714,0.9473684210526316,0.9900990099009901,0.9650349650349651
213,0.9584487534626039,0.9292035398230089,0.8333333333333333,0.9883268482490272,0.967032967032967
214,0.9799426934097422,0.9393939393939393,0.7499999999999999,0.9895470383275262,0.946808510638298
215,0.9818181818181819,0.9569377990430622,0.9090909090909091,0.9819494584837545,0.96
216,0.973134328358209,0.963302752293578,1.0,0.9819494584837546,0.9702970297029703
217,0.9553072625698323,0.934010152284264,0.923076923076923,1.0,0.978021978021978
218,0.9754601226993865,0.9569377990430622,1.0,1.0,0.9850746268656716
219,0.9717514124293786,0.9447852760736196,0.8333333333333333,0.9828178694158075,0.9633027522935781
220,0.9552238805970149,0.9195402298850575,0.888888888888889,0.9731543624161074,0.9577464788732395
221,0.9719101123595505,0.9392265193370165,0.888888888888889,0.9926470588235294,0.9818181818181818
222,0.9560117302052786,0.9289099526066351,1.0,0.9927536231884058,0.9693877551020408
223,0.9637883008356546,0.9353233830845771,1.0,0.9898305084745762,0.9704142011834319
224,0.9655172413793104,0.9333333333333333,0.7499999999999999,0.9754385964912282,0.9381443298969072
225,0.9761904761904762,0.9552238805970149,1.0,0.9900990099009901,0.9666666666666667
226,0.9671641791044776,0.9454545454545454,0.8571428571428571,0.993006993006993,0.9726775956284154
227,0.9567567567567569,0.9239766081871345,0.9411764705882353,0.9860139860139859,0.9587628865979382
228,0.9736842105263157,0.9444444444444444,0.9,0.9961977186311787,0.9685534591194969
229,0.9380530973451326,0.9047619047619048,1.0,0.9856115107913669,0.9447236180904524
230,0.9675675675675676,0.9176470588235294,0.8,0.988593155893536,0.9674418604651163
231,0.9720670391061453,0.9417040358744395,0.923076923076923,0.9924242424242424,0.9666666666666666
232,0.978978978978979,0.9576271186440678,0.9090909090909091,0.996282527881041,0.9735449735449735
233,0.9760479041916169,0.9658536585365853,0.8,0.9759450171821307,0.9494949494949495
234,0.9740634005763689,0.958139534883721,0.9090909090909091,0.9895470383275262,0.9580838323353293
235,0.9665653495440729,0.963302752293578,1.0,0.9847328244274809,0.966183574879227
236,0.9597523219814241,0.9473684210526316,0.8750000000000001,0.9904153354632589,0.9591836734693877
237,0.9703504043126684,0.9387755102040816,0.888888888888889,0.9962546816479401,0.9846153846153847
238,0.9616368286445012,0.9444444444444444,0.888888888888889,0.9855072463768116,0.9595375722543353
239,0.9693593314763231,0.9528795811518324,1.0,0.9937106918238994,0.975
240,0.9878787878787879,0.976303317535545,0.9333333333333333,0.9767441860465117,0.9392265193370166
241,0.967741935483871,0.9463414634146342,1.0,0.9961089494163424,0.986046511627907
242,0.9760479041916168,0.9577464788732395,0.8750000000000001,0.9927536231884058,0.9849246231155778
243,0.9595375722543352,0.9326923076923077,0.88,0.9928571428571429,0.9832402234636871
244,0.9570552147239264,0.9371980676328502,0.9090909090909091,0.9935483870967742,0.9891304347826088
245,0.9740932642487047,0.9278350515463918,0.923076923076923,0.9964412811387899,0.975609756097561
246,0.976878612716763,0.9514563106796117,0.9333333333333333,0.9829351535836178,0.9550561797752809
247,0.9653333333333333,0.9263157894736842,1.0,0.9855072463768116,0.9502762430939227
248,0.9743589743589745,0.9456521739130436,0.888888888888889,0.9869281045751634,0.9497206703910613
249,0.9636363636363636,0.9465020576131686,0.9090909090909091,0.9803921568627451,0.9547738693467337
250,0.9723756906077348,0.9444444444444444,1.0,0.9767441860465117,0.956043956043956
251,0.954954954954955,0.935064935064935,0.8333333333333333,0.996389891696751,0.9513513513513514
252,0.9707602339181286,0.9424083769633508,0.9,0.9898305084745762,0.968421052631579
253,0.9652996845425867,0.9565217391304348,0.9411764705882353,0.9859154929577465,0.968421052631579
254,0.9617834394904459,0.950191570881226,1.0,0.993103448275862,0.9813664596273292
255,0.9777777777777776,0.9491525423728815,0.8571428571428571,0.987012987012987,0.9720670391061452
256,0.9545454545454545,0.9082125603864735,1.0,0.996309963099631,0.9583333333333334
257,0.9623655913978495,0.944954128440367,0.9,0.996078431372549,0.9710982658959537
258,0.9717514124293786,0.9485714285714287,0.9565217391304348,0.9795918367346939,0.9479166666666667
259,0.976,0.9674418604651163,0.9411764705882353,0.9923664122137404,0.9704142011834319
260,0.956989247311828,0.9223300970873787,0.7692307692307693,0.9961685823754789,0.967741935483871
261,0.9806094182825486,0.9519230769230769,0.7499999999999999,0.9896193771626297,0.975609756097561
262,0.9636363636363636,0.9506726457399103,0.888888888888889,0.9928057553956835,0.9797979797979798
263,0.9704142011834319,0.9238095238095239,0.9090909090909091,0.9825783972125435,0.9479166666666667
264,0.9651162790697674,0.9299999999999999,0.8571428571428571,0.9901639344262295,0.978021978021978
265,0.9748427672955976,0.949771689497717,0.8333333333333333,0.9867549668874172,0.9732620320855614
266,0.9757785467128027,0.9509803921568627,0.8235294117647058,0.9936305732484078,0.9626168224299064
267,0.9518716577540107,0.9222797927461138,1.0,0.9896193771626298,0.9655172413793104
268,0.9710982658959537,0.9452736318407959,0.6,0.990228013029316,0.9540229885057472
269,0.967551622418879,0.9439252336448598,1.0,0.9931506849315068,0.9717514124293786
270,0.9378531073446328,0.9108910891089108,1.0,0.989010989010989,0.9740932642487047
271,0.9746192893401016,0.9646017699115044,0.9090909090909091,0.9955555555555555,0.978021978021978
272,0.9649595687331537,0.9248554913294798,0.8,0.9863945578231292,0.9578947368421052
273,0.9555555555555555,0.93,0.7777777777777778,0.989010989010989,0.9625668449197862
274,0.9657320872274143,0.9699570815450643,0.923076923076923,0.9924812030075187,0.9658536585365853
275,0.9629629629629629,0.9278350515463918,0.8571428571428571,0.9873417721518987,0.9487179487179488
276,0.9791044776119404,0.9569377990430622,0.7368421052631579,0.9836065573770492,0.9411764705882353
277,0.953757225433526,0.9295774647887323,1.0,0.9929078014184397,0.9720670391061451
278,0.9649122807017544,0.9346733668341709,0.888888888888889,0.9966329966329966,0.9633507853403142
279,0.9584664536741214,0.94,0.8571428571428571,0.9905362776025236,0.9793814432989691
280,0.9586776859504132,0.923076923076923,0.9090909090909091,0.9925925925925926,0.9849246231155778
281,0.9562841530054644,0.903954802259887,0.8,0.9855072463768116,0.9532710280373833
282,0.9661538461538461,0.945273631840796,0.888888888888889,0.993103448275862,0.9803921568627451
283,0.9629629629629629,0.9381443298969071,0.923076923076923,0.9965635738831615,0.9841269841269842
284,0.9660574412532638,0.93048128342246,0.888888888888889,0.993006993006993,0.9710982658959537
285,0.9526462395543176,0.9072164948453608,0.7692307692307693,0.988929889298893,0.955223880597015
286,0.9675675675675676,0.9428571428571428,0.9333333333333333,0.9863945578231292,0.9664429530201343
287,0.9737609329446064,0.9452736318407959,1.0,1.0,0.9772727272727273
288,0.962536023054755,0.9313725490196079,0.9411764705882353,0.9893238434163701,0.9735449735449735
289,0.9440993788819876,0.9315068493150686,0.8333333333333333,0.9893992932862191,0.9473684210526316
290,0.9565217391304348,0.910891089108911,0.7499999999999999,1.0,0.9720670391061453
291,0.9672131147540983,0.9346733668341709,0.8571428571428571,0.9843749999999999,0.9458128078817734
292,0.9627329192546584,0.9411764705882353,1.0,0.9880239520958084,0.975
293,0.956043956043956,0.9111111111111112,1.0,1.0,0.9705882352941176
294,0.9635854341736695,0.9333333333333333,0.9090909090909091,0.9966555183946488,0.9659090909090909
295,0.9491525423728814,0.9015544041450777,0.8,0.9819494584837545,0.9278350515463917
296,0.9724137931034482,0.9652173913043478,0.888888888888889,0.9905362776025236,0.96875
297,0.9491525423728814,0.9326424870466321,0.8571428571428571,0.9878048780487805,0.9651741293532338
298,0.9705882352941176,0.9319371727748691,0.888888888888889,0.9922480620155039,0.9883720930232558
299,0.9707602339181286,0.9392265193370165,0.888888888888889,0.9870129870129869,0.9595959595959597
300,0.9644670050761421,0.9148936170212767,0.9333333333333333,0.9857142857142858,0.9440993788819876
301,0.970873786407767,0.97119341563786,0.9166666666666666,1.0,0.9770114942528736
302,0.9722222222222222,0.9417475728155339,0.8695652173913044,0.991869918699187,0.9655172413793104
303,0.9567723342939481,0.937799043062201,0.9333333333333333,0.9966555183946488,0.9642857142857143
304,0.9710982658959537,0.9456521739130435,0.8421052631578948,0.9966555183946488,0.9789473684210526
305,0.9537572254335259,0.911764705882353,0.8333333333333333,1.0,0.9777777777777777
306,0.9467787114845938,0.8965517241379309,0.9090909090909091,0.9964912280701755,0.976303317535545
307,0.9758713136729222,0.945273631840796,0.6666666666666666,0.9927536231884058,0.9659090909090908
308,0.9572649572649572,0.9230769230769231,0.9473684210526316,0.9932432432432432,0.9801324503311258
309,0.9505494505494505,0.9216589861751152,0.9411764705882353,0.9879518072289156,0.9424083769633508
310,0.9726443768996961,0.9473684210526316,0.8235294117647058,0.9769230769230769,0.9775784753363228
311,0.9717514124293786,0.9515418502202643,0.8,0.982078853046595,0.9404761904761905
312,0.9606741573033708,0.9518716577540107,0.8,0.9794520547945206,0.946808510638298
313,0.9584487534626038,0.9278350515463918,0.9523809523809523,1.0,0.9882352941176471
314,0.9523809523809524,0.934010152284264,0.888888888888889,0.9856115107913669,0.9543147208121827
315,0.9529085872576177,0.9191489361702128,0.8,0.9915254237288135,0.9528795811518325
316,0.970189701897019,0.9333333333333333,0.8,0.9929577464788732,0.9777777777777777
317,0.9700272479564033,0.934065934065934,0.8,0.9904153354632588,0.9590643274853802
318,0.9574468085106382,0.9108910891089109,0.9333333333333333,0.9967213114754099,0.9714285714285714
319,0.9536784741144415,0.9064039408866995,0.8333333333333333,0.9841269841269841,0.9607843137254902
320,0.95906432748538,0.9502262443438915,0.9090909090909091,0.9966777408637874,0.9693251533742332
321,0.9631728045325778,0.944954128440367,0.9523809523809523,0.9823321554770319,0.9447852760736197
322,0.968299711815562,0.9545454545454545,0.9090909090909091,0.9836065573770492,0.9748743718592965
323,0.9457831325301205,0.911917098445596,0.9090909090909091,0.9893992932862191,0.9644670050761421
324,0.9570552147239264,0.9547738693467337,0.9565217391304348,0.9861111111111112,0.9702970297029703
325,0.9700272479564033,0.9528301886792453,1.0,0.9794238683127573,0.9702970297029703
326,0.979381443298969,0.9719626168224299,0.9090909090909091,0.9747899159663865,0.9625668449197862
327,0.9623188405797101,0.9537037037037037,1.0,0.9859154929577465,0.9723756906077348
328,0.9790575916230366,0.9371428571428572,0.9411764705882353,0.9928057553956835,0.967741935483871
329,0.9490616621983914,0.9099999999999999,0.9523809523809523,0.9811320754716981,0.9497206703910613
330,0.9617486338797814,0.9340659340659341,0.6666666666666666,0.9856115107913669,0.934010152284264
331,0.9631901840490797,0.9528301886792453,0.8750000000000001,0.9859154929577464,0.9500000000000001
332,0.9315068493150686,0.8999999999999999,0.9166666666666666,0.9808429118773947,0.9459459459459458
333,0.96875,0.9478672985781991,0.9090909090909091,0.9964664310954063,0.9765258215962441
334,0.943502824858757,0.909090909090909,0.9090909090909091,0.990228013029316,0.9642857142857143
335,0.9655172413793104,0.9592760180995474,0.923076923076923,0.9739776951672863,0.9411764705882353
336,0.9746478873239437,0.964824120603015,0.888888888888889,0.9929577464788732,0.9947643979057591
337,0.9621621621621621,0.9199999999999999,0.9473684210526316,0.9925373134328358,0.9723756906077348
338,0.967741935483871,0.9435897435897437,0.9090909090909091,0.9888475836431226,0.963350785340314
339,0.95,0.9244444444444444,0.8571428571428571,0.9921259842519685,0.972972972972973
340,0.963855421686747,0.943231441048035,0.9090909090909091,0.9968454258675079,0.9798657718120806
341,0.9562841530054644,0.9282296650717703,0.9333333333333333,0.9761904761904763,0.9591836734693878
342,0.9720670391061453,0.956989247311828,0.8571428571428571,0.983050847457627,0.9213483146067416
343,0.9693593314763231,0.9514563106796117,0.8,0.996415770609319,0.9782608695652174
344,0.9665653495440729,0.958904109589041,0.9411764705882353,0.9848484848484848,0.9760765550239235
345,0.9649122807017544,0.9478672985781991,0.923076923076923,0.9852941176470589,0.9600000000000001
346,0.9572192513368983,0.9263157894736842,0.9166666666666666,0.9927007299270074,0.9431818181818181
347,0.9814323607427056,0.9637305699481866,0.8333333333333333,0.989247311827957,0.9717514124293786
348,0.9618320610687023,0.9130434782608695,0.8571428571428571,0.9965635738831615,0.9815950920245399
349,0.9680589680589681,0.9326424870466321,0.7499999999999999,0.988929889298893,0.9559748427672956
350,0.967741935483871,0.9491525423728814,1.0,0.9833887043189369,0.9534883720930233
351,0.9513513513513513,0.9298245614035088,0.8571428571428571,0.9873417721518987,0.9735449735449735
352,0.9742120343839542,0.9333333333333333,0.8181818181818181,0.9937106918238994,0.9565217391304347
353,0.9777777777777776,0.9625668449197862,0.9333333333333333,0.9934640522875817,0.9647058823529412
354,0.973404255319149,0.9326424870466321,0.8571428571428571,0.9922480620155039,0.9746192893401014
355,0.966153846153846,0.9381443298969072,0.8571428571428571,0.9862068965517242,0.9615384615384615
356,0.9653179190751444,0.9452736318407959,0.8571428571428571,0.993421052631579,0.9666666666666666
357,0.9731182795698924,0.9430051813471503,1.0,0.9921259842519685,0.9452736318407962
358,0.9602272727272727,0.926829268292683,0.9333333333333333,0.9829351535836178,0.9595375722543353
359,0.9719101123595506,0.9462365591397849,1.0,0.9893238434163701,0.975609756097561
360,0.967741935483871,0.9265536723163842,0.9473684210526316,0.9933333333333334,0.9529411764705883
361,0.9745042492917847,0.9385964912280702,0.9523809523809523,0.9838709677419355,0.9574468085106383
362,0.9703504043126685,0.941747572815534,0.923076923076923,0.9896907216494846,0.9681528662420381
363,0.9575070821529744,0.9139784946236559,1.0,0.989247311827957,0.9702970297029703
364,0.9668508287292817,0.9478672985781991,0.888888888888889,0.9848484848484848,0.9617486338797814
365,0.967359050445104,0.958139534883721,1.0,0.993006993006993,0.978494623655914
366,0.986449864498645,0.9789473684210526,1.0,0.9926470588235294,0.9735449735449735
367,0.9793510324483775,0.9727272727272728,0.7692307692307693,0.9927536231884058,0.9578947368421052
368,0.96398891966759,0.9411764705882353,0.923076923076923,0.9814126394052045,0.9633507853403142
369,0.9648562300319489,0.923076923076923,0.923076923076923,0.9909365558912386,0.9688888888888889
370,0.9739130434782608,0.9547738693467337,0.8,0.9834983498349835,0.9613259668508287
371,0.9602272727272727,0.9180327868852459,0.8571428571428571,0.9873417721518988,0.9710982658959537
372,0.9690140845070423,0.9502262443438914,1.0,0.9863013698630138,0.9736842105263158
373,0.9491525423728814,0.9292035398230089,0.888888888888889,0.98,0.9615384615384615
374,0.9653333333333334,0.9353233830845771,1.0,0.9923076923076923,0.9791666666666666
375,0.947075208913649,0.9174311926605504,1.0,0.9745762711864406,0.9483568075117371
376,0.9647058823529412,0.9557522123893805,0.923076923076923,0.9898305084745762,0.9390243902439024
377,0.9750692520775623,0.9487179487179487,0.6666666666666666,0.9923076923076923,0.9555555555555556
378,0.96,0.9345794392523364,1.0,0.9801324503311258,0.9405405405405405
379,0.9649595687331537,0.9319371727748692,0.9473684210526316,0.9965635738831615,0.9759036144578312
380,0.9693877551020408,0.9435483870967742,0.7692307692307693,0.9911504424778761,0.9559748427672956
381,0.9604519774011299,0.9371980676328503,1.0,0.9851851851851852,0.9637305699481866
382,0.9691876750700281,0.9333333333333333,0.888888888888889,0.9852941176470589,0.9591836734693878
383,0.9657142857142857,0.9400921658986177,0.8571428571428571,1.0,0.9621621621621622
384,0.9415041782729804,0.9015544041450777,1.0,0.9826989619377163,0.9502762430939227
385,0.9659090909090909,0.9333333333333333,0.9473684210526316,0.993103448275862,0.956043956043956
386,0.9558441558441558,0.9166666666666667,1.0,0.9858156028368793,0.9599999999999999
387,0.9467455621301775,0.938388625592417,1.0,0.9936708860759493,0.968944099378882
388,0.9582172701949861,0.8934010152284264,0.9473684210526316,0.9965635738831615,0.9302325581395349
389,0.9619565217391305,0.9278350515463918,0.923076923076923,0.9928057553956835,0.9837837837837838
390,0.970189701897019,0.9437229437229437,0.8,0.9870129870129869,0.9583333333333333
391,0.9641025641025641,0.9304812834224598,0.9600000000000001,0.9846153846153847,0.9545454545454546
392,0.9753424657534248,0.9646017699115044,1.0,0.9819494584837546,0.9620253164556961
393,0.9651474530831101,0.9326923076923077,0.8571428571428571,1.0,0.9777777777777779
394,0.9604221635883904,0.9064039408866996,0.9411764705882353,0.9963636363636363,0.975609756097561
395,0.9653465346534653,0.9345794392523364,0.9565217391304348,0.9789029535864978,0.9375000000000001
396,0.9669669669669669,0.9437229437229437,0.9411764705882353,0.993006993006993,0.9707602339181286
397,0.9602122015915119,0.9152542372881357,0.9090909090909091,0.990228013029316,0.963855421686747
398,0.956268221574344,0.9375,0.8,0.9855072463768115,0.9621621621621621
399,0.9765013054830286,0.9543147208121827,0.8333333333333333,0.996282527881041,0.9717514124293786
400,0.9627507163323782,0.9463414634146342,1.0,0.9907120743034055,0.9523809523809523
401,0.9649595687331536,0.9340101522842639,0.9714285714285714,1.0,0.993103448275862
402,0.9647058823529411,0.95,1.0,0.9834983498349835,0.972972972972973
403,0.9781420765027323,0.9523809523809524,1.0,0.9938271604938271,0.9806451612903226
404,0.9380530973451328,0.9326424870466321,0.9523809523809523,0.9785714285714285,0.9365853658536585
405,0.9583333333333333,0.95,0.9,0.9866666666666668,0.956043956043956
406,0.9567723342939483,0.9209302325581395,0.8333333333333333,0.9846153846153847,0.9607843137254902
407,0.9802816901408451,0.9506726457399104,0.9411764705882353,0.9928057553956835,0.9575757575757574
408,0.9608355091383812,0.9285714285714286,0.9090909090909091,0.9859154929577465,0.9502762430939227
409,0.9819277108433735,0.961904761904762,0.7692307692307693,0.9931506849315068,0.9738219895287958
410,0.9715909090909091,0.9615384615384615,0.9565217391304348,0.9886792452830189,0.9473684210526315
411,0.9754768392370572,0.9497206703910613,0.8571428571428571,0.9931506849315068,0.9720670391061452
412,0.9476584022038568,0.9207920792079209,0.8571428571428571,0.9925925925925926,0.9735449735449735
413,0.9682539682539683,0.9585253456221199,0.9166666666666666,0.9795918367346939,0.9310344827586207
414,0.9423076923076924,0.9124423963133641,1.0,0.983050847457627,0.95
415,0.9614243323442137,0.9421487603305784,0.7499999999999999,0.9961389961389961,0.967391304347826
416,0.9501466275659822,0.9282296650717704,0.8421052631578948,0.9894736842105264,0.967391304347826
417,0.9799426934097422,0.9683257918552037,0.888888888888889,0.9865771812080537,0.9473684210526315
418,0.9623188405797102,0.9391304347826087,0.9333333333333333,0.9888475836431226,0.9608938547486032
419,0.9476744186046513,0.922279792746114,0.8421052631578948,0.9932885906040269,0.9782608695652174
420,0.971264367816092,0.9484536082474226,0.9655172413793104,0.9924242424242424,0.9753694581280787
421,0.966966966966967,0.9579831932773111,0.923076923076923,0.9924812030075187,0.9828571428571428
422,0.952127659574468,0.9119170984455958,0.9411764705882353,0.9929078014184397,0.976470588235294
423,0.9657142857142856,0.9462365591397849,0.8333333333333333,0.9967426710097721,0.9836065573770492
424,0.972972972972973,0.9565217391304347,0.8,0.99009900990099,0.9554140127388536
425,0.9617486338797814,0.9171270718232043,0.8,0.993006993006993,0.968421052631579
426,0.9766233766233766,0.9387755102040816,0.8,0.9828178694158075,0.9536423841059603
427,0.9681159420289855,0.9357798165137614,0.9473684210526316,0.996415770609319,0.96045197740113
428,0.954177897574124,0.9196428571428571,0.8,0.9964664310954063,0.9733333333333333
429,0.9807162534435261,0.9699570815450644,0.7142857142857143,0.9917355371900827,0.967741935483871
430,0.9537572254335259,0.9230769230769231,0.9523809523809523,0.9886792452830189,0.9651162790697674
431,0.9534883720930233,0.9383886255924171,0.9166666666666666,0.9883268482490272,0.9702970297029703
432,0.9762532981530342,0.9504950495049505,0.7499999999999999,0.9785714285714285,0.9565217391304348
433,0.9531250000000001,0.8944723618090453,0.8571428571428571,0.9877551020408163,0.9693877551020408
434,0.9750692520775623,0.9462365591397849,0.9523809523809523,0.9931506849315068,0.9662921348314608
435,0.9653179190751445,0.9504950495049506,0.9090909090909091,0.9893992932862191,0.972972972972973
436,0.9721362229102167,0.9417040358744394,1.0,1.0,0.9795918367346939
437,0.9551451187335093,0.8923076923076922,1.0,1.0,0.967391304347826
438,0.9792746113989637,0.964824120603015,1.0,0.9846153846153847,0.9485714285714285
439,0.9700272479564033,0.9469026548672567,0.8,0.9916666666666667,0.9405405405405405
440,0.9773299748110831,0.9574468085106383,0.9411764705882353,0.9816849816849818,0.9570552147239264
441,0.9681159420289854,0.9647058823529412,0.888888888888889,0.9828178694158075,0.9626168224299064
442,0.970059880239521,0.9502262443438914,1.0,0.9824561403508771,0.9555555555555556
443,0.9688385269121813,0.9547738693467337,0.888888888888889,0.9785714285714285,0.9680851063829786
444,0.9695290858725761,0.9393939393939394,0.8181818181818181,0.9964412811387899,0.9659090909090909
445,0.9815303430079156,0.9671361502347416,0.8,0.980544747081712,0.9540229885057472
446,0.9618768328445748,0.9400921658986177,0.8750000000000001,0.9935064935064934,0.9743589743589743
447,0.9473684210526315,0.9259259259259259,1.0,0.9828178694158075,0.9620253164556961
448,0.9726775956284153,0.9310344827586207,0.9411764705882353,0.993421052631579,0.96045197740113
449,0.9743589743589745,0.9488372093023255,0.9600000000000001,1.0,0.9815950920245398
450,0.9540229885057472,0.9117647058823528,0.9411764705882353,0.9963636363636363,0.979381443298969
451,0.9688385269121813,0.9389671361502347,0.9090909090909091,0.996389891696751,0.9891304347826088
452,0.9788519637462236,0.9693877551020408,1.0,0.987012987012987,0.964467005076142
453,0.9742120343839542,0.9585253456221198,0.9333333333333333,0.996282527881041,0.9787234042553191
454,0.9696969696969698,0.9433962264150944,0.923076923076923,0.9880478087649401,0.978494623655914
455,0.9772727272727273,0.9595959595959594,0.8571428571428571,0.9966101694915254,0.9767441860465116
456,0.9572649572649572,0.9197860962566844,0.9473684210526316,0.9929078014184397,0.9748743718592964
457,0.976,0.9518716577540107,0.9333333333333333,0.9855072463768115,0.972972972972973
458,0.9702380952380952,0.9702127659574468,0.888888888888889,0.9802371541501976,0.9489795918367347
459,0.9489489489489489,0.9124423963133641,0.9,0.9965870307167235,0.9714285714285714
460,0.9602446483180428,0.9261083743842364,0.7142857142857143,0.9863945578231292,0.95
461,0.9695290858725762,0.9473684210526315,0.896551724137931,0.9927536231884058,0.9570552147239264
462,0.9633507853403142,0.9265536723163842,0.8333333333333333,1.0,0.9748743718592964
463,0.9658792650918635,0.9261083743842364,1.0,0.9840000000000001,0.9690721649484537
464,0.965174129353234,0.9263157894736843,1.0,0.9857142857142858,0.9600000000000001
465,0.9726775956284153,0.9543147208121827,1.0,0.9816849816849816,0.9680851063829787
466,0.9829545454545454,0.9641025641025641,1.0,0.982078853046595,0.9696969696969697
467,0.9647058823529412,0.9351851851851852,0.8,0.9925925925925926,0.9583333333333333
468,0.9715909090909091,0.9611650485436893,0.923076923076923,0.9931506849315068,0.9485714285714287
469,0.9552238805970149,0.9243697478991597,0.7777777777777778,0.9962264150943396,0.945054945054945
470,0.9595015576323987,0.9489795918367346,0.7368421052631579,0.9966996699669968,0.9547738693467336
471,0.9653179190751444,0.9540229885057471,0.9090909090909091,0.9893992932862191,0.9732142857142857
472,0.9539473684210527,0.946058091286307,0.9411764705882353,0.9898989898989898,0.9720670391061452
473,0.958217270194986,0.9506726457399103,0.9090909090909091,0.9923076923076923,0.9513513513513513
474,0.978021978021978,0.957345971563981,1.0,0.9922480620155039,0.9844559585492229
475,0.9544072948328268,0.9551020408163265,0.8,0.981549815498155,0.9398907103825137
476,0.970059880239521,0.948356807511737,0.8181818181818181,0.9785714285714285,0.962962962962963
477,0.9840425531914894,0.9497206703910613,0.8,0.9881422924901185,0.9674418604651163
478,0.9745042492917847,0.9611650485436893,0.9333333333333333,0.9961977186311787,0.9850746268656716
479,0.9570200573065903,0.9215686274509804,0.9473684210526316,0.9894736842105264,0.9723756906077348
480,0.9717514124293786,0.9458128078817734,0.9333333333333333,0.9814126394052044,0.9441624365482233
481,0.966183574879227,0.9197860962566844,1.0,0.9915966386554621,0.9625668449197862
482,0.9662921348314607,0.9468599033816426,0.7499999999999999,0.993006993006993,0.9613259668508287
483,0.9604519774011299,0.9090909090909091,0.8333333333333333,0.9893238434163701,0.9613259668508287
484,0.9518072289156626,0.9285714285714286,0.888888888888889,0.9860139860139859,0.9433962264150944
485,0.962536023054755,0.9252336448598131,0.9333333333333333,0.9931506849315068,0.9647058823529412
486,0.9595687331536388,0.9214659685863874,1.0,0.9926470588235294,0.9895833333333333
487,0.971264367816092,0.9326424870466321,0.8750000000000001,1.0,0.9621621621621621
488,0.975,0.9456521739130436,0.9473684210526316,0.9853372434017595,0.9540229885057472
489,0.9533678756476685,0.9154228855721392,1.0,1.0,0.980891719745223
490,0.9711286089238844,0.9304812834224598,0.7692307692307693,0.9791666666666666,0.9585798816568047
491,0.9709302325581396,0.9560975609756097,0.8333333333333333,0.989399293286219,0.9690721649484536
492,0.958904109589041,0.9381443298969072,0.923076923076923,0.9894736842105264,0.9502762430939227
493,0.9749303621169917,0.9629629629629629,0.9333333333333333,0.9966996699669968,0.9793103448275862
494,0.9712643678160919,0.96,0.9333333333333333,0.9890909090909091,0.9688888888888889
495,0.9753424657534248,0.9560975609756097,1.0,0.9861111111111112,0.9759036144578312
496,0.9554140127388535,0.9316239316239315,0.8750000000000001,0.9895470383275261,0.9625668449197862
497,0.9553805774278215,0.8817204301075269,0.9166666666666666,0.9850746268656716,0.9385474860335196
498,0.9497206703910613,0.9253731343283582,0.8,0.9924242424242424,0.9619047619047619
499,0.9497206703910613,0.9099099099099099,1.0,0.9929078014184397,0.9523809523809523
500,0.9647058823529412,0.9454545454545454,1.0,0.988593155893536,0.9743589743589743
501,0.9757412398921833,0.96,0.8235294117647058,0.9854014598540146,0.9545454545454546
502,0.9639344262295082,0.9422222222222223,0.8571428571428571,0.993421052631579,0.9746192893401016
503,0.9706666666666667,0.9433962264150944,0.625,0.9890909090909091,0.9625
504,0.9621621621621622,0.9327354260089685,0.8571428571428571,0.991869918699187,0.972972972972973
505,0.9659442724458206,0.9577464788732395,0.5,0.9937888198757764,0.9534883720930233
506,0.9691876750700281,0.9509803921568628,0.9166666666666666,0.9837133550488599,0.9452054794520548
507,0.9457831325301205,0.9166666666666666,0.8333333333333333,0.9967426710097721,0.9824561403508771
508,0.967032967032967,0.9454545454545454,0.8,0.9924812030075187,0.9775280898876404
509,0.9728260869565217,0.9494949494949494,1.0,1.0,0.9620253164556961
510,0.9349112426035502,0.89,0.8275862068965517,0.996078431372549,0.9722222222222222
511,0.9600000000000001,0.9261083743842364,0.8,0.9848484848484849,0.9613259668508287
512,0.9585798816568047,0.9246231155778896,0.8571428571428571,0.9897610921501706,0.9518716577540107
513,0.9770114942528735,0.9613733905579399,1.0,0.988929889298893,0.9651162790697674
514,0.9544072948328268,0.9252336448598131,0.8571428571428571,0.9898305084745762,0.9637305699481865
515,0.9813333333333334,0.9691629955947136,1.0,0.9925373134328358,0.974025974025974
516,0.9671641791044777,0.9478260869565217,0.5,0.988929889298893,0.9696969696969697
517,0.9671641791044776,0.9458128078817734,0.923076923076923,0.9859154929577465,0.9473684210526316
518,0.9665809768637531,0.946236559139785,0.5454545454545454,0.9926470588235294,0.9444444444444444
519,0.9470588235294117,0.9081632653061223,0.7499999999999999,0.9897610921501706,0.9452736318407959
520,0.989010989010989,0.970873786407767,0.7499999999999999,0.9965156794425087,0.9826589595375722
521,0.9695290858725761,0.954356846473029,0.888888888888889,0.9809885931558935,0.9634146341463415
522,0.9590643274853802,0.9292929292929293,0.8421052631578948,0.9934640522875817,0.9710982658959537
523,0.9565217391304347,0.9170731707317074,0.9,0.9810126582278481,0.9485714285714287
524,0.9712643678160919,0.9518716577540107,1.0,0.9934640522875817,0.9738219895287958
525,0.963350785340314,0.9183673469387754,0.9523809523809523,0.9921259842519685,0.972972972972973
526,0.9616519174041298,0.9333333333333332,1.0,0.9967426710097721,0.9797979797979798
527,0.9836065573770493,0.9662921348314606,0.9565217391304348,0.9834983498349835,0.9642857142857143
528,0.9590643274853802,0.9365853658536586,0.9090909090909091,0.9898305084745763,0.972972972972973
529,0.9549549549549549,0.9391304347826088,0.9166666666666666,0.9724137931034482,0.9316770186335402
530,0.9725274725274725,0.9560975609756097,0.9333333333333333,0.9860139860139859,0.9523809523809523
531,0.9657142857142857,0.9422222222222223,0.9333333333333333,0.996078431372549,0.9844559585492227
532,0.9735449735449735,0.9182389937106918,0.846153846153846,0.9929078014184397,0.9740932642487047
533,0.956772334293948,0.9383886255924171,0.8,0.9864864864864865,0.9540229885057472
534,0.964071856287425,0.9587628865979382,0.9166666666666666,0.9900990099009901,0.9617486338797814
535,0.9712793733681463,0.9345794392523364,1.0,0.9877551020408163,0.967741935483871
536,0.9710982658959537,0.959349593495935,0.8571428571428571,0.9961685823754789,0.9707602339181286
537,0.9625668449197862,0.9345794392523366,0.7058823529411764,0.988235294117647,0.9550561797752809
538,0.9679144385026738,0.9353233830845771,1.0,0.9847328244274809,0.9726775956284154
539,0.9695290858725762,0.9493087557603686,0.6666666666666666,0.9928057553956835,0.9545454545454545
540,0.9623188405797101,0.9304347826086956,1.0,0.996389891696751,0.9775280898876404
541,0.9734513274336284,0.9456521739130435,0.896551724137931,0.972972972972973,0.9368421052631579
542,0.9679144385026737,0.9183673469387755,0.9411764705882353,0.9927536231884058,0.96
543,0.9529085872576177,0.9248554913294798,0.888888888888889,0.9828178694158075,0.9641025641025642
544,0.9663608562691132,0.9469387755102041,1.0,0.9928057553956835,0.9764705882352942
545,0.9560117302052785,0.9327354260089685,1.0,0.9816849816849818,0.9617486338797814
546,0.9777777777777779,0.9547738693467336,1.0,0.9963636363636363,0.9891304347826088
547,0.9646302250803859,0.9421487603305785,0.923076923076923,0.9961977186311787,0.9795918367346939
548,0.9520958083832335,0.9308755760368663,0.8571428571428571,0.9832775919732442,0.9425287356321839
549,0.9529780564263324,0.9154228855721392,0.9333333333333333,0.9930555555555556,0.9767441860465116
550,0.934640522875817,0.9346733668341708,0.9333333333333333,0.990228013029316,0.9478672985781992
551,0.9545454545454545,0.91,0.9333333333333333,1.0,0.9720670391061451
552,0.9396825396825398,0.918918918918919,0.8,0.9801324503311258,0.9782608695652174
553,0.9679300291545189,0.9545454545454546,0.8,0.9959183673469388,0.9834254143646408
554,0.9811320754716981,0.9658536585365853,0.9090909090909091,0.9928057553956835,0.9595375722543353
555,0.9515151515151515,0.925,0.9,0.9888475836431226,0.9720670391061453
556,0.9614243323442137,0.9439252336448598,0.9090909090909091,0.9927536231884058,0.9600000000000001
557,0.9627659574468086,0.9297297297297297,1.0,0.9785714285714286,0.96045197740113
558,0.968299711815562,0.9493087557603688,0.7777777777777778,0.9924812030075187,0.968421052631579
559,0.9651474530831099,0.9411764705882353,0.9333333333333333,0.9925925925925926,0.9685534591194969
560,0.9523809523809524,0.9204545454545455,0.9523809523809523,1.0,0.9797979797979798
561,0.9627507163323781,0.9365853658536586,0.8235294117647058,1.0,0.9641025641025642
562,0.9567723342939481,0.9333333333333333,0.8,0.9848484848484849,0.9560439560439561
563,0.981029810298103,0.9690721649484537,1.0,0.9806451612903226,0.9411764705882353
564,0.9758713136729223,0.9405405405405404,0.8695652173913044,0.9800796812749004,0.9417475728155339
565,0.966966966966967,0.9441624365482234,1.0,0.9838187702265372,0.9740932642487047
566,0.9595015576323987,0.9387755102040817,1.0,0.99009900990099,0.9714285714285714
567,0.9627507163323782,0.9361702127659575,0.9166666666666666,0.9965870307167235,0.9782608695652174
568,0.9736842105263158,0.9468085106382979,0.9714285714285714,0.9806949806949807,0.9659090909090909
569,0.9798270893371759,0.9484536082474226,1.0,1.0,0.9855072463768114
570,0.9620991253644314,0.9417989417989417,1.0,0.9866666666666666,0.9489795918367346
571,0.9636363636363636,0.946058091286307,0.923076923076923,0.9884169884169884,0.978021978021978
572,0.9461756373937678,0.9120879120879121,0.9333333333333333,0.9927536231884058,0.9716981132075472
573,0.9740634005763689,0.9611650485436893,1.0,0.9935897435897436,0.9803921568627451
574,0.9361702127659574,0.8839779005524862,0.923076923076923,0.9905362776025236,0.9696969696969697
575,0.9583333333333333,0.9333333333333333,0.888888888888889,1.0,0.9841269841269842
576,0.9695121951219513,0.9553571428571429,0.8333333333333333,0.9961977186311787,0.976303317535545
577,0.9621621621621621,0.9292929292929293,1.0,0.9852941176470589,0.9673913043478262
578,0.9595375722543353,0.9246231155778896,1.0,0.9965870307167235,0.989247311827957
579,0.9774011299435028,0.9724770642201835,0.8,0.9779411764705882,0.9565217391304347
580,0.9750692520775623,0.9615384615384615,0.962962962962963,1.0,0.9775280898876404
581,0.9809264305177111,0.9777777777777777,0.9473684210526316,0.986111111111111,0.9565217391304347
582,0.9521276595744682,0.9236947791164659,0.8,0.9827586206896551,0.927710843373494
583,0.9518716577540106,0.919831223628692,0.8571428571428571,0.9919354838709677,0.9767441860465116
584,0.968944099378882,0.9469026548672567,0.888888888888889,0.9863945578231292,0.9518716577540107
585,0.979942693409742,0.9506726457399104,0.923076923076923,0.9964412811387899,0.9767441860465116
586,0.948787061994609,0.8971962616822431,0.8,0.9963369963369962,0.9647058823529412
587,0.934844192634561,0.8867924528301888,0.8333333333333333,0.9823321554770317,0.9550561797752809
588,0.941860465116279,0.9224137931034483,0.8750000000000001,0.9765625,0.9578947368421052
589,0.9758713136729223,0.9665071770334929,0.9090909090909091,0.981132075471698,0.9777777777777779
590,0.9651162790697676,0.9478260869565216,0.888888888888889,0.9820788530465949,0.9700598802395209
591,0.955,0.9101123595505618,0.9411764705882353,0.9814126394052044,0.9655172413793104
592,0.9665653495440729,0.945054945054945,0.8181818181818181,0.9865771812080537,0.9468599033816426
593,0.9705882352941176,0.9595959595959594,0.9,0.9739776951672863,0.966824644549763
594,0.967391304347826,0.9142857142857143,0.8,0.9894736842105264,0.964102564102564
595,0.9710610932475885,0.9565217391304348,0.7499999999999999,0.9779179810725551,0.9411764705882354
596,0.9677419354838709,0.9473684210526316,0.9473684210526316,0.9779411764705882,0.9722222222222222
597,0.9659090909090909,0.9265536723163842,0.9411764705882353,0.9747292418772563,0.9581395348837208
598,0.9792746113989637,0.9556650246305418,0.7272727272727273,0.9886792452830189,0.9479768786127168
599,0.9774011299435028,0.955223880597015,0.7142857142857143,1.0,0.9822485207100593
600,0.9812332439678284,0.9590643274853801,0.9473684210526316,0.9787234042553191,0.9637305699481865
601,0.9745042492917847,0.9485714285714286,0.6666666666666666,0.9868421052631579,0.9528795811518325
602,0.9565217391304348,0.9385964912280702,0.9166666666666666,0.993421052631579,0.9625
603,0.9620991253644315,0.9464285714285715,1.0,0.996389891696751,0.9787234042553191
604,0.9541284403669725,0.935064935064935,1.0,0.996389891696751,0.9735449735449735
605,0.9455587392550143,0.9035532994923857,0.8571428571428571,0.9863945578231292,0.9738219895287958
606,0.9710982658959537,0.9319371727748691,0.9090909090909091,0.9802631578947368,0.9462365591397849
607,0.9589041095890412,0.923076923076923,0.8750000000000001,1.0,0.9837837837837838
608,0.98005698005698,0.9680365296803655,0.9090909090909091,0.996282527881041,0.9787234042553192
609,0.9675516224188789,0.9395348837209301,1.0,0.9966777408637874,0.983050847457627
610,0.9775280898876404,0.9595959595959594,0.9411764705882353,0.9963369963369962,0.9896907216494846
611,0.9580838323353293,0.9453125000000001,1.0,0.9923076923076923,0.9775280898876404
612,0.96,0.925233644859813,0.8571428571428571,0.9965635738831615,0.9751243781094527
613,0.9725274725274725,0.9578947368421052,1.0,0.9893238434163701,0.9625668449197862
614,0.9685534591194969,0.9468085106382979,0.888888888888889,0.9904761904761905,0.9648241206030151
615,0.9696969696969697,0.9489795918367346,0.9333333333333333,0.9929577464788732,0.9777777777777779
616,0.9572649572649573,0.9326923076923077,1.0,0.9838187702265372,0.961038961038961
617,0.9651474530831098,0.9157894736842106,0.9090909090909091,0.996078431372549,0.9760765550239234
618,0.9815950920245398,0.9716981132075472,0.8695652173913044,0.9967426710097721,0.976470588235294
619,0.9729729729729729,0.9473684210526315,1.0,0.9891696750902527,0.9625668449197862
620,0.9744897959183674,0.9621621621621621,0.9090909090909091,0.9885931558935361,0.9545454545454545
621,0.9791044776119404,0.9587628865979382,1.0,1.0,0.9949748743718593
622,0.9602272727272727,0.9255319148936171,0.9,0.9828178694158075,0.9197860962566845
623,0.9793510324483775,0.9596774193548386,0.923076923076923,1.0,0.9545454545454545
624,0.9623188405797102,0.9391304347826087,1.0,0.9965397923875432,0.975
625,0.9782608695652174,0.9622641509433962,0.9523809523809523,1.0,0.9946524064171123
626,0.9549071618037135,0.9222222222222224,0.8571428571428571,0.9926470588235294,0.9641025641025641
627,0.968421052631579,0.9142857142857143,0.923076923076923,0.9859154929577464,0.9569892473118279
628,0.9764309764309763,0.9385474860335196,0.8571428571428571,0.9879518072289156,0.9444444444444445
629,0.9606299212598425,0.9325842696629214,1.0,0.9714285714285714,0.9732620320855615
630,0.9743589743589743,0.9577464788732395,0.923076923076923,0.9829351535836178,0.9404761904761905
631,0.9710982658959537,0.935960591133005,0.72,0.988929889298893,0.9430051813471502
632,0.9612403100775193,0.9375,1.0,0.9924242424242424,0.9681528662420381
633,0.962536023054755,0.9478672985781991,1.0,0.9844961240310077,0.970873786407767
634,0.9597701149425287,0.9400921658986177,0.8421052631578948,0.9961977186311787,0.9738219895287958
635,0.967391304347826,0.9504950495049505,0.923076923076923,0.993103448275862,0.9696969696969697
636,0.9526627218934911,0.9372384937238494,1.0,0.9829351535836178,0.9487179487179487
637,0.9616519174041299,0.9432314410480349,0.923076923076923,0.9927007299270074,0.9617486338797814
638,0.9449275362318841,0.9015544041450776,0.888888888888889,0.9927536231884058,0.958139534883721
639,0.967032967032967,0.9585253456221199,1.0,0.9843749999999999,0.9735449735449735
640,0.9587628865979382,0.9385964912280702,0.9333333333333333,0.9915966386554621,0.9704142011834319
641,0.9444444444444444,0.9152542372881357,0.9333333333333333,0.9967426710097721,0.9608938547486033
642,0.9679144385026737,0.9363636363636364,1.0,0.9919999999999999,0.9560439560439561
643,0.9602272727272727,0.9365853658536586,1.0,0.9928571428571429,0.9837837837837838
644,0.9659090909090908,0.9304812834224598,0.8421052631578948,0.989090909090909,0.9658536585365853
645,0.9583333333333333,0.9353233830845771,0.9090909090909091,0.9849624060150376,0.9577464788732395
646,0.9695290858725762,0.964467005076142,1.0,0.9863013698630136,0.9767441860465116
647,0.9648562300319489,0.9469026548672567,0.8571428571428571,0.9826989619377163,0.9629629629629629
648,0.9662921348314607,0.9424083769633508,0.8571428571428571,0.9919354838709677,0.9519650655021834
649,0.962962962962963,0.9433962264150944,0.8,0.9900332225913622,0.9842931937172774
650,0.954177897574124,0.9145728643216081,0.888888888888889,0.9895470383275262,0.9693251533742331
651,0.9660574412532638,0.9306930693069307,0.8571428571428571,0.988929889298893,0.96
652,0.9421052631578948,0.9029126213592232,0.8333333333333333,0.981549815498155,0.9585798816568047
653,0.9641873278236913,0.922279792746114,0.7272727272727273,0.9893238434163701,0.9578947368421052
654,0.9680851063829788,0.9456521739130436,0.8333333333333333,0.9891696750902527,0.9735449735449735
655,0.9655172413793104,0.934673366834171,0.9,0.989247311827957,0.96875
656,0.9690140845070423,0.9493087557603688,0.7272727272727273,0.9893238434163701,0.9540229885057472
657,0.9376854599406528,0.9238095238095239,1.0,0.9862068965517242,0.9633507853403142
658,0.9586776859504132,0.9345794392523364,0.8571428571428571,0.9879518072289156,0.9658536585365853
659,0.9662921348314607,0.934673366834171,0.923076923076923,0.9925373134328358,0.9801980198019802
660,0.9696969696969697,0.9595959595959594,0.9600000000000001,0.9886792452830188,0.9727272727272728
661,0.9616519174041298,0.9387755102040817,1.0,1.0,0.9813664596273292
662,0.9599999999999999,0.9579831932773111,0.8,0.9928571428571429,0.9405405405405405
663,0.96045197740113,0.9066666666666667,0.88,0.9969230769230769,0.9782608695652174
664,0.9761273209549072,0.9560975609756097,0.7692307692307693,0.9881422924901185,0.968421052631579
665,0.9742120343839543,0.945054945054945,0.7586206896551725,0.9932432432432432,0.956043956043956
666,0.9600000000000001,0.9411764705882352,0.9090909090909091,0.9819494584837546,0.9591836734693878
667,0.949685534591195,0.923076923076923,1.0,0.9963636363636363,0.961904761904762
668,0.967359050445104,0.958139534883721,0.9166666666666666,0.9694656488549619,0.97
669,0.9617486338797814,0.9432314410480349,0.8571428571428571,0.9850746268656717,0.9689440993788819
670,0.9633802816901408,0.9368421052631578,0.9473684210526316,0.9836065573770492,0.9585798816568047
671,0.9480122324159022,0.9196428571428571,0.8571428571428571,0.9831649831649831,0.9545454545454545
672,0.9777777777777779,0.966824644549763,0.8333333333333333,0.9895470383275262,0.9523809523809524
673,0.9655172413793103,0.9459459459459458,1.0,0.990353697749196,0.9529411764705883
674,0.9496021220159152,0.9082568807339451,0.9523809523809523,0.9915966386554621,0.9565217391304347
675,0.9581151832460733,0.911917098445596,0.8571428571428571,0.9777777777777777,0.9385474860335195
676,0.952076677316294,0.94017094017094,1.0,0.989090909090909,0.970873786407767
677,0.9490616621983914,0.9251101321585902,0.9090909090909091,0.9961089494163424,0.9764705882352942
678,0.9685863874345548,0.9497716894977168,0.9333333333333333,0.9851851851851852,0.9605263157894737
679,0.9715909090909092,0.9395348837209301,0.923076923076923,0.9891696750902527,0.9392265193370166
680,0.9593023255813954,0.9381443298969072,1.0,0.9967845659163987,0.9613259668508287
681,0.9794871794871794,0.9326424870466321,0.9090909090909091,0.9891696750902527,0.9615384615384615
682,0.9545454545454545,0.9158878504672897,0.8333333333333333,0.988929889298893,0.9523809523809524
683,0.9700272479564033,0.9574468085106385,1.0,0.9824561403508771,0.96875
684,0.9451219512195121,0.9090909090909091,0.8,0.9895470383275262,0.9494949494949495
685,0.9550561797752809,0.9073170731707317,0.8,0.9924812030075187,0.9552238805970149
686,0.9726775956284153,0.9509803921568627,0.8235294117647058,0.993006993006993,0.9454545454545454
687,0.9761904761904762,0.9555555555555556,0.7058823529411764,0.9900332225913622,0.9607843137254902
688,0.9672544080604534,0.9423076923076923,0.9333333333333333,1.0,0.975609756097561
689,0.9714285714285714,0.9575289575289575,0.9411764705882353,0.9871244635193133,0.9720670391061452
690,0.9682151589242054,0.9424083769633509,0.8571428571428571,0.99581589958159,0.972972972972973
691,0.988235294117647,0.9826086956521739,0.8,0.9929078014184397,0.9772727272727273
692,0.9593023255813954,0.9326923076923077,0.9333333333333333,0.9962546816479401,0.9705882352941176
693,0.9736842105263157,0.956989247311828,1.0,0.9893238434163701,0.9836065573770492
694,0.9586776859504132,0.9279279279279279,1.0,0.9961389961389961,0.9883720930232558
695,0.9581151832460733,0.91,0.9166666666666666,0.9836065573770492,0.9574468085106383
696,0.9679144385026738,0.9353233830845771,0.8333333333333333,0.9823321554770319,0.9523809523809523
697,0.96514745308311,0.9297297297297297,1.0,0.9739776951672863,0.964102564102564
698,0.9518987341772152,0.9246231155778896,0.8,0.9915254237288135,0.9655172413793104
699,0.9731182795698924,0.9528301886792454,1.0,0.9854014598540146,0.9651162790697674
700,0.9523809523809524,0.924731182795699,0.8571428571428571,0.9859154929577465,0.9543147208121827
701,0.9602122015915119,0.9175257731958764,0.888888888888889,0.9887640449438202,0.9528795811518325
702,0.964769647696477,0.9411764705882353,0.6666666666666666,0.9963369963369962,0.953020134228188
703,0.967032967032967,0.9312169312169313,1.0,0.9929078014184397,0.9621621621621621
704,0.9712793733681462,0.9424083769633509,0.9473684210526316,0.9846153846153846,0.9513513513513513
705,0.9565217391304347,0.9395348837209301,1.0,0.9932432432432432,0.9740932642487047
706,0.9631901840490796,0.955357142857143,1.0,0.9824561403508771,0.9528795811518325
707,0.9607250755287009,0.9423076923076923,1.0,0.9929577464788732,0.9850746268656716
708,0.9726775956284153,0.9347826086956522,0.9333333333333333,0.9891696750902527,0.9795918367346939
709,0.9711286089238844,0.9299999999999999,0.9473684210526316,0.9915966386554621,0.9700000000000001
710,0.971264367816092,0.9270833333333333,1.0,0.993006993006993,0.9693877551020409
711,0.967741935483871,0.9458128078817735,0.9090909090909091,0.9893992932862191,0.98
712,0.962962962962963,0.9411764705882354,1.0,1.0,0.9902912621359223
713,0.9728260869565217,0.934065934065934,0.8750000000000001,0.9929577464788732,0.9680851063829788
714,0.948948948948949,0.9177489177489176,0.9565217391304348,1.0,0.9834254143646408
715,0.9534883720930232,0.9260700389105058,0.7499999999999999,0.9959839357429718,1.0
716,0.9627659574468085,0.9320388349514563,0.8421052631578948,0.9657794676806084,0.9080459770114943
717,0.9565217391304348,0.9610389610389611,0.6666666666666666,0.9829351535836178,0.927710843373494
718,0.9618768328445748,0.9272727272727272,0.9473684210526316,0.9964412811387899,0.983050847457627
719,0.9546666666666667,0.9090909090909091,0.7499999999999999,0.993103448275862,0.9433962264150944
720,0.9351351351351351,0.9059829059829059,0.9333333333333333,0.9846153846153846,0.9433962264150944
721,0.9641873278236913,0.9400000000000001,1.0,0.9828178694158076,0.9518072289156626
722,0.9746478873239437,0.9519230769230769,0.7499999999999999,0.9891696750902527,0.968421052631579
723,0.9674185463659147,0.9285714285714285,1.0,0.9857142857142858,0.9834254143646408
724,0.9451219512195123,0.8961748633879782,0.9032258064516129,0.9896907216494846,0.9560975609756097
725,0.952112676056338,0.9166666666666665,1.0,0.989247311827957,0.9770114942528736
726,0.9644970414201184,0.9463414634146342,0.9333333333333333,0.9791666666666666,0.9583333333333333
727,0.9641873278236915,0.9302325581395349,1.0,0.9964412811387899,0.9822485207100591
728,0.9652996845425867,0.9528301886792454,0.888888888888889,0.9900332225913622,0.9613259668508287
729,0.9614243323442137,0.933920704845815,0.8750000000000001,0.9855072463768116,0.9340659340659342
730,0.9512195121951219,0.9279279279279279,0.8235294117647058,0.9848484848484848,0.966183574879227
731,0.978021978021978,0.968421052631579,0.8571428571428571,0.9933333333333334,0.9647058823529412
732,0.970059880239521,0.9463414634146342,0.923076923076923,0.989247311827957,0.966183574879227
733,0.9684813753581661,0.9387755102040817,0.8235294117647058,0.9967426710097721,0.9704142011834319
734,0.9619565217391305,0.9178743961352657,0.923076923076923,0.989247311827957,0.9590643274853801
735,0.9867374005305041,0.9655172413793103,0.9523809523809523,0.9898305084745762,0.9707602339181286
736,0.9619565217391305,0.9451476793248944,0.9333333333333333,0.9851851851851852,0.9594594594594594
737,0.9453551912568307,0.8994708994708995,0.8421052631578948,0.9785714285714285,0.9456521739130435
738,0.9736842105263158,0.9484536082474226,1.0,0.9851851851851852,0.9666666666666667
739,0.9595375722543352,0.9363636363636364,0.9333333333333333,0.9819494584837546,0.9777777777777777
740,0.9701492537313433,0.9292929292929293,0.8333333333333333,0.9822064056939501,0.9379310344827586
741,0.9634146341463414,0.944954128440367,1.0,0.9820788530465949,0.966183574879227
742,0.9706666666666668,0.9452736318407959,0.9,0.9928571428571429,0.9506172839506174
743,0.9836956521739131,0.9696969696969697,1.0,0.993103448275862,0.9885057471264368
744,0.9739130434782609,0.9523809523809524,1.0,0.9895470383275261,0.9777777777777779
745,0.9720101781170483,0.9333333333333333,0.88,0.9956709956709957,0.9793814432989691
746,0.9597523219814241,0.9344978165938864,0.9565217391304348,1.0,0.9613259668508287
747,0.9649122807017544,0.943231441048035,0.9411764705882353,0.9785407725321889,0.9585253456221198
748,0.9520958083832335,0.9244444444444444,0.9333333333333333,0.9900332225913622,0.9693251533742332
749,0.9757575757575757,0.9771689497716894,1.0,0.981549815498155,0.98
750,0.9717514124293786,0.9592760180995474,0.923076923076923,0.9820788530465949,0.9590643274853802
751,0.9690140845070423,0.9285714285714285,0.9523809523809523,1.0,0.989010989010989
752,0.9695121951219512,0.9565217391304347,0.8,0.9879518072289156,0.9637305699481866
753,0.9567901234567902,0.9369369369369369,0.8571428571428571,1.0,0.9797979797979798
754,0.9575757575757574,0.9387755102040817,0.9166666666666666,0.990228013029316,0.9613259668508287
755,0.9572649572649572,0.9150943396226415,0.8,0.9964412811387899,0.9832402234636871
756,0.9415584415584416,0.900523560209424,0.888888888888889,0.9969604863221885,0.9751243781094527
757,0.9754768392370572,0.9613259668508287,0.9166666666666666,0.9809885931558935,0.9556650246305419
758,0.96986301369863,0.9424083769633509,0.9090909090909091,0.993103448275862,0.9613259668508287
759,0.9658792650918635,0.9197860962566844,0.9523809523809523,0.9923664122137404,0.9732620320855614
760,0.9570200573065902,0.9206349206349207,0.9411764705882353,0.9963369963369962,0.9809523809523809
761,0.9504373177842566,0.9427312775330396,0.888888888888889,0.989247311827957,0.9444444444444445
762,0.9648562300319489,0.9494949494949495,0.8695652173913044,0.9902912621359222,0.9538461538461538
763,0.9655172413793104,0.9268292682926829,0.8750000000000001,0.9886792452830189,0.9599999999999999
764,0.9633802816901408,0.9204545454545455,0.8333333333333333,0.9898989898989898,0.9797979797979798
765,0.9720101781170484,0.9422222222222223,0.7692307692307693,1.0,0.9945945945945946
766,0.973747016706444,0.9325842696629215,0.9,0.9928057553956835,0.951048951048951
767,0.947945205479452,0.8808290155440415,1.0,0.9852941176470589,0.9583333333333333
768,0.9631728045325779,0.9493087557603687,1.0,0.9757785467128028,0.9433962264150945
769,0.9529411764705883,0.9045226130653268,0.8571428571428571,0.9863013698630138,0.9637305699481865
770,0.973134328358209,0.9478672985781991,0.923076923076923,0.9919354838709677,0.9696969696969696
771,0.9761273209549071,0.9483568075117371,1.0,0.9883268482490272,0.9714285714285714
772,0.9746478873239437,0.9565217391304347,1.0,0.9860139860139859,0.9668874172185431
773,0.9834254143646408,0.9533678756476685,0.8750000000000001,0.9965870307167235,0.9885057471264368
774,0.9734042553191489,0.9514563106796117,0.923076923076923,0.9844961240310077,0.9651162790697675
775,0.9704142011834319,0.9433962264150944,1.0,0.9921875,0.9557522123893805
776,0.9693593314763231,0.9222222222222222,0.9090909090909091,0.9858156028368793,0.9514563106796116
777,0.9615384615384615,0.9417040358744394,0.888888888888889,0.9961977186311787,0.9832402234636872
778,0.9653179190751444,0.9312169312169312,0.8750000000000001,0.993421052631579,0.9617486338797814
779,0.9766233766233766,0.9595959595959594,0.9600000000000001,0.9896193771626297,0.9645390070921985
780,0.9668508287292817,0.9577464788732395,0.923076923076923,0.9893992932862191,0.9580838323353293
781,0.9664804469273743,0.9319371727748691,0.9090909090909091,0.996282527881041,0.9665071770334929
782,0.968299711815562,0.945273631840796,0.9333333333333333,0.9826989619377163,0.967741935483871
783,0.9510869565217391,0.9285714285714285,0.8,0.988929889298893,0.9637305699481866
784,0.9831460674157303,0.9722222222222223,1.0,0.9816849816849818,0.9720670391061453
785,0.9772727272727273,0.9502262443438914,0.888888888888889,0.9898305084745762,0.9565217391304347
786,0.9656992084432718,0.9171270718232043,0.7272727272727273,0.9935897435897436,0.9806451612903226
787,0.9602649006622516,0.9387755102040817,1.0,0.9940476190476192,0.9791666666666666
788,0.9799426934097422,0.961904761904762,0.9600000000000001,0.9932885906040269,0.9743589743589742
789,0.9776536312849162,0.9533678756476685,0.9333333333333333,0.9963636363636363,0.9746192893401014
790,0.949438202247191,0.9081081081081082,1.0,0.986111111111111,0.9740932642487047
791,0.974063400576369,0.9345794392523364,0.8181818181818181,0.9862068965517241,0.9575757575757576
792,0.9682997118155618,0.958904109589041,0.962962962962963,0.9927536231884058,0.9704142011834319
793,0.9408450704225353,0.9082125603864735,0.7142857142857143,1.0,0.9655172413793104
794,0.9663608562691132,0.9295774647887324,0.923076923076923,0.9805194805194806,0.9378531073446328
795,0.9625668449197862,0.9245283018867925,0.9,0.9812734082397003,0.9454545454545454
796,0.9665653495440729,0.9509803921568628,0.8750000000000001,0.9898305084745762,0.9587628865979382
797,0.9498525073746313,0.9224137931034483,0.9166666666666666,0.9772727272727273,0.9497206703910613
798,0.9560723514211885,0.9263157894736842,0.9333333333333333,0.9930555555555556,0.9620253164556963
799,0.9631728045325778,0.9511111111111111,0.962962962962963,0.9893238434163701,0.9605263157894737
800,0.9595375722543352,0.9209302325581394,1.0,0.98989898989899,0.9659090909090909
801,0.960725075528701,0.9400921658986175,0.9411764705882353,0.9927007299270074,0.9849246231155778
802,0.9579831932773109,0.934010152284264,0.7499999999999999,0.9860139860139859,0.9473684210526316
803,0.940119760479042,0.9196428571428572,0.7499999999999999,0.9888475836431226,0.9655172413793104
804,0.9657320872274143,0.941747572815534,0.923076923076923,0.9805194805194807,0.9578947368421054
805,0.9631901840490797,0.9313725490196079,0.9411764705882353,0.9857142857142858,0.957345971563981
806,0.9695290858725762,0.9469387755102041,0.6666666666666666,0.996078431372549,0.9333333333333332
807,0.9599999999999999,0.9428571428571428,0.8750000000000001,0.9901639344262295,0.9426751592356688
808,0.9693251533742331,0.9430051813471503,0.9473684210526316,0.9837133550488599,0.9533678756476685
809,0.9592476489028213,0.9377990430622011,0.8571428571428571,0.98,0.9591836734693878
810,0.9653179190751445,0.9463414634146342,1.0,0.9896907216494846,0.968421052631579
811,0.9565217391304348,0.9246231155778895,0.9473684210526316,1.0,0.9913793103448276
812,0.9436201780415431,0.9223300970873786,0.888888888888889,0.9894736842105264,0.9479166666666667
813,0.9705882352941176,0.9387755102040817,0.9565217391304348,1.0,0.9818181818181818
814,0.9647058823529412,0.9411764705882353,0.8,0.988929889298893,0.9556650246305418
815,0.9808219178082191,0.9674418604651163,1.0,0.9847328244274809,0.967032967032967
816,0.9653179190751444,0.9353233830845771,1.0,0.9837133550488599,0.9404761904761905
817,0.9652996845425867,0.935672514619883,0.9285714285714286,0.9909909909909909,0.9523809523809524
818,0.9739130434782608,0.9565217391304348,1.0,0.9896193771626298,0.9832402234636871
819,0.9560975609756097,0.912280701754386,0.8,0.9962546816479401,0.9666666666666667
820,0.9556962025316456,0.9463414634146341,1.0,0.987012987012987,0.9637305699481866
821,0.9647058823529412,0.9401709401709402,0.8750000000000001,1.0,0.9895833333333333
822,0.9621621621621621,0.9519230769230769,0.9411764705882353,0.9857142857142858,0.9447852760736197
823,0.9718670076726343,0.9502262443438914,0.8,0.9964912280701755,0.9770992366412213
824,0.9684813753581661,0.9363636363636363,0.8181818181818181,0.9854014598540146,0.9479768786127168
825,0.9617486338797813,0.913978494623656,0.8571428571428571,0.993421052631579,0.9714285714285714
826,0.9685534591194969,0.9541284403669725,0.7499999999999999,0.9771986970684039,0.9411764705882353
827,0.9758713136729222,0.9353233830845772,0.7692307692307693,0.9900332225913622,0.9600000000000001
828,0.9593023255813953,0.9368421052631579,1.0,0.9864864864864865,0.9509803921568627
829,0.9635854341736695,0.9380530973451328,0.9090909090909091,0.9752650176678445,0.9440993788819877
830,0.9644970414201184,0.95,0.9,0.9877551020408164,0.9538461538461539
831,0.9584487534626038,0.9333333333333333,0.9411764705882353,1.0,0.9743589743589743
832,0.9708222811671088,0.9197860962566845,0.8,0.9928057553956835,0.9613259668508287
833,0.950391644908616,0.9090909090909091,0.888888888888889,0.9802371541501977,0.9600000000000001
834,0.9595375722543352,0.9333333333333333,0.888888888888889,0.9805194805194807,0.9466666666666667
835,0.957983193277311,0.9411764705882353,0.923076923076923,0.9856115107913668,0.9358974358974359
836,0.9698795180722892,0.9533678756476683,1.0,0.9935064935064936,0.9947643979057591
837,0.96398891966759,0.9371980676328503,1.0,0.9846153846153847,0.9591836734693878
838,0.9797101449275363,0.9711538461538463,0.7692307692307693,0.9743589743589743,0.9346733668341709
839,0.9604519774011299,0.9292035398230089,0.9411764705882353,0.9918032786885246,0.9746192893401014
840,0.9724310776942355,0.9297297297297298,0.9090909090909091,0.9924242424242424,0.9608938547486032
841,0.9806094182825484,0.9587628865979382,0.9333333333333333,0.9735849056603774,0.9556650246305419
842,0.964769647696477,0.9333333333333333,0.888888888888889,0.9857142857142858,0.9545454545454546
843,0.9764705882352942,0.9644670050761421,0.9333333333333333,0.9836065573770492,0.9613259668508287
844,0.9558011049723757,0.91324200913242,0.9473684210526316,0.9921875,0.967032967032967
845,0.9506172839506173,0.9245283018867925,0.8571428571428571,0.9867549668874172,0.967741935483871
846,0.9709302325581396,0.9532710280373831,0.923076923076923,0.989247311827957,0.9680851063829786
847,0.9576719576719576,0.9297297297297298,0.9090909090909091,0.9852941176470589,0.9613259668508287
848,0.9575757575757575,0.9353233830845771,0.9090909090909091,0.9966777408637874,0.9846153846153847
849,0.9618768328445748,0.949771689497717,0.7692307692307693,0.9795918367346939,0.9590643274853802
850,0.9607250755287009,0.9528301886792453,0.9473684210526316,0.9924812030075187,0.9714285714285714
851,0.970976253298153,0.9405405405405404,1.0,0.9787234042553192,0.9555555555555556
852,0.9720101781170485,0.9441624365482234,0.7692307692307693,0.9842519685039369,0.9502762430939227
853,0.9645776566757494,0.9347826086956522,0.9473684210526316,0.9868421052631579,0.9634146341463415
854,0.9404761904761905,0.8991596638655464,0.8333333333333333,0.9851851851851852,0.945054945054945
855,0.9527027027027027,0.944954128440367,0.888888888888889,0.9939759036144579,0.9836065573770493
856,0.937313432835821,0.8877551020408163,1.0,0.976271186440678,0.9456521739130435
857,0.9770114942528735,0.962962962962963,0.8235294117647058,0.9898305084745763,0.9753086419753086
858,0.9483870967741935,0.9194312796208531,0.9166666666666666,0.983050847457627,0.9494949494949495
859,0.9495548961424332,0.9119170984455958,0.7499999999999999,0.989247311827957,0.9592760180995474
860,0.9708222811671088,0.9289617486338797,0.8750000000000001,0.989247311827957,0.9617486338797815
861,0.967551622418879,0.9312169312169312,1.0,0.9968454258675079,0.9828571428571428
862,0.968421052631579,0.9430051813471503,0.9,0.9847328244274809,0.9726775956284154
863,0.9812332439678285,0.9732142857142858,1.0,0.9924242424242424,0.9818181818181818
864,0.9542857142857143,0.9295774647887323,1.0,0.9893238434163701,0.9782608695652174
865,0.968586387434555,0.9263157894736843,0.761904761904762,0.9963636363636363,0.9647058823529412
866,0.9373297002724796,0.9035532994923857,0.9473684210526316,0.9855072463768116,0.9608938547486033
867,0.9786096256684492,0.9626168224299065,1.0,0.993103448275862,0.9726027397260274
868,0.9661016949152541,0.945273631840796,0.8,0.9897610921501707,0.9777777777777777
869,0.9608938547486034,0.9389671361502347,0.923076923076923,0.9896907216494845,0.9333333333333333
870,0.9670329670329672,0.9541284403669724,1.0,0.9847328244274809,0.9634146341463415
871,0.9739130434782608,0.9556650246305418,0.8333333333333333,0.9890909090909091,0.9753694581280788
872,0.9503105590062112,0.9333333333333333,0.9166666666666666,0.9897610921501707,0.9559748427672956
873,0.9760479041916168,0.983050847457627,0.9411764705882353,0.981132075471698,0.967741935483871
874,0.9709302325581396,0.9565217391304348,0.8571428571428571,0.9893238434163701,0.9791666666666666
875,0.940809968847352,0.9189189189189189,0.9473684210526316,0.9808429118773947,0.9674418604651163
876,0.9695290858725761,0.9652173913043478,1.0,0.9851851851851852,0.968944099378882
877,0.95906432748538,0.9387755102040817,1.0,0.9935897435897436,0.9886363636363636
878,0.959349593495935,0.9199999999999999,1.0,1.0,0.9735449735449735
879,0.9501312335958004,0.9238578680203046,0.7499999999999999,0.9931506849315068,0.9500000000000001
880,0.9709302325581395,0.9556650246305419,1.0,0.9967637540453074,1.0
881,0.972568578553616,0.9485714285714287,0.9333333333333333,0.9885057471264368,0.967741935483871
882,0.9572649572649573,0.940677966101695,1.0,0.9850746268656716,0.9467455621301774
883,0.962962962962963,0.9444444444444445,0.9523809523809523,0.9868421052631579,0.9710982658959537
884,0.9447852760736196,0.9174311926605505,0.9090909090909091,0.9860139860139859,0.9746192893401014
885,0.9688385269121812,0.9391304347826087,0.8333333333333333,0.9916666666666667,0.9424083769633509
886,0.9476923076923077,0.9528301886792454,0.9473684210526316,0.9865771812080537,0.9565217391304348
887,0.9715762273901809,0.9425287356321839,0.8571428571428571,0.996389891696751,0.9844559585492229
888,0.96,0.9473684210526315,0.9523809523809523,0.9729729729729729,0.9547738693467337
889,0.9540229885057472,0.9417040358744394,1.0,0.986013986013986,0.9828571428571428
890,0.9693251533742331,0.9626168224299064,0.9523809523809523,0.9724137931034483,0.9518716577540107
891,0.9627329192546584,0.9519650655021833,0.9411764705882353,0.9966101694915254,0.9599999999999999
892,0.9591836734693878,0.918918918918919,0.888888888888889,0.9965156794425087,0.9743589743589742
893,0.9826589595375722,0.9827586206896551,1.0,0.9824561403508771,0.9565217391304347
894,0.9629629629629629,0.9191919191919192,0.8,0.993006993006993,0.9518072289156626
895,0.9753086419753085,0.96,1.0,0.9897610921501706,0.985645933014354
896,0.9707602339181286,0.9463414634146341,1.0,0.9896193771626297,0.9782608695652174
897,0.9523809523809524,0.9282296650717704,0.9600000000000001,0.9924242424242424,0.9705882352941176
898,0.9589743589743591,0.9183673469387754,1.0,1.0,0.9714285714285714
899,0.9716088328075709,0.9514563106796117,0.888888888888889,1.0,0.9818181818181818
900,0.967391304347826,0.9405405405405406,0.7499999999999999,0.9937106918238994,0.9685534591194969
901,0.966565349544073,0.9459459459459459,1.0,0.9833887043189369,0.9540229885057472
902,0.9544072948328268,0.9473684210526316,0.962962962962963,0.9932885906040269,0.96
903,0.9572649572649572,0.9064039408866995,0.923076923076923,0.9961089494163424,0.9813084112149533
904,0.9491525423728814,0.9137931034482758,0.6666666666666666,0.9926470588235294,0.9655172413793104
905,0.96,0.9326424870466321,1.0,0.9855072463768116,0.9772727272727273
906,0.9663608562691132,0.9483568075117371,1.0,0.993103448275862,0.9793814432989691
907,0.9664804469273743,0.9454545454545453,1.0,0.9890909090909091,0.9826589595375723
908,0.9580838323353293,0.9278350515463918,0.888888888888889,0.9967845659163987,0.9578947368421052
909,0.9729729729729729,0.9574468085106383,0.8,1.0,0.96875
910,0.972972972972973,0.9368421052631578,0.8750000000000001,0.9895470383275261,0.9714285714285714
911,0.9771428571428571,0.9577464788732394,0.888888888888889,0.9930555555555556,0.9662921348314606
912,0.9498525073746313,0.9243697478991597,0.8,0.9963369963369962,0.9710982658959537
913,0.9715909090909091,0.9441624365482234,1.0,0.993421052631579,0.9824561403508771
914,0.9725274725274725,0.9620253164556962,0.8421052631578948,0.9841269841269841,0.9397590361445783
915,0.949868073878628,0.9289099526066351,0.9090909090909091,1.0,0.9668874172185431
916,0.966966966966967,0.934065934065934,0.8333333333333333,0.9873417721518987,0.9538461538461538
917,0.9608355091383811,0.9397590361445782,1.0,1.0,0.9605263157894737
918,0.96875,0.9683257918552036,0.9333333333333333,0.9803921568627451,0.9545454545454545
919,0.9567567567567569,0.911764705882353,0.9473684210526316,0.9881422924901185,0.96875
920,0.9520958083832335,0.9265536723163842,0.9032258064516129,0.9828178694158075,0.9365853658536586
921,0.9774436090225564,0.9378531073446328,0.8421052631578948,0.9802371541501977,0.9578947368421054
922,0.9728395061728394,0.9381443298969072,0.6666666666666666,0.9893238434163701,0.9736842105263157
923,0.968944099378882,0.9422222222222222,0.8,0.9935064935064934,0.9642857142857143
924,0.9640718562874252,0.9142857142857143,0.6666666666666666,0.9897610921501706,0.9826086956521739
925,0.96,0.9285714285714285,0.9411764705882353,0.9963636363636363,0.9651162790697674
926,0.9421487603305785,0.9029126213592233,0.9411764705882353,0.996415770609319,0.9710982658959537
927,0.9627507163323781,0.9400000000000001,0.888888888888889,0.9895470383275261,0.9456521739130436
928,0.9621621621621622,0.9312169312169312,0.9090909090909091,0.9750889679715302,0.9518716577540107
929,0.9761904761904762,0.9603524229074888,0.9,0.9898305084745763,0.9625
930,0.9723756906077347,0.9238578680203046,0.8235294117647058,0.9842519685039369,0.9423076923076923
931,0.9586776859504131,0.9393939393939393,0.9473684210526316,0.9858156028368794,0.9659090909090909
932,0.9641873278236914,0.9270833333333333,0.9090909090909091,0.9898305084745763,0.9491525423728815
933,0.9631901840490797,0.9441624365482233,0.8750000000000001,0.9825783972125435,0.9716981132075472
934,0.9641873278236913,0.9306930693069307,0.9600000000000001,1.0,0.9863013698630138
935,0.9680851063829786,0.9473684210526315,0.9,0.988929889298893,0.9382716049382716
936,0.9621621621621621,0.9299999999999999,0.8,0.9965397923875432,0.9770114942528736
937,0.948509485094851,0.9064039408866995,0.9,0.9962546816479401,0.9720670391061451
938,0.9482288828337875,0.8921568627450981,0.9,0.9925925925925926,0.9717514124293786
939,0.9746478873239436,0.9473684210526315,0.9411764705882353,0.9895470383275261,0.9647058823529412
940,0.9593495934959351,0.9272727272727274,0.6666666666666666,0.9932885906040269,0.9517241379310346
941,0.9565217391304348,0.9491525423728815,0.923076923076923,0.9724137931034483,0.96045197740113
942,0.9616519174041299,0.9454545454545454,0.9473684210526316,0.9927007299270073,0.978494623655914
943,0.96,0.9351851851851852,0.8421052631578948,0.9966329966329966,0.9613259668508287
944,0.976608187134503,0.9543147208121826,0.8571428571428571,0.9968051118210862,0.9696969696969696
945,0.9749303621169918,0.9444444444444444,0.9411764705882353,0.9850746268656716,0.9532710280373832
946,0.9710610932475885,0.9456521739130435,0.923076923076923,0.99375,0.9847715736040609
947,0.9749303621169916,0.9556650246305419,0.8235294117647058,0.9761092150170648,0.927710843373494
948,0.98005698005698,0.9619047619047619,0.9,0.9929577464788732,0.9595375722543353
949,0.9649122807017544,0.9541284403669725,1.0,0.9895470383275262,0.9837837837837837
950,0.95625,0.9585253456221199,0.888888888888889,0.9895470383275262,0.9693877551020408
951,0.9613259668508287,0.9368421052631578,0.8333333333333333,0.9964912280701755,0.9717514124293786
952,0.9575757575757576,0.9238578680203046,0.9090909090909091,0.9907120743034055,0.963855421686747
953,0.9759036144578314,0.945273631840796,0.9523809523809523,0.9930555555555556,0.9591836734693878
954,0.9771428571428571,0.9619047619047619,0.9411764705882353,0.9935064935064936,0.9673202614379085
955,0.9677419354838709,0.9649122807017544,0.7692307692307693,0.9842519685039369,0.9603960396039605
956,0.9735449735449735,0.9489795918367346,0.923076923076923,0.9965156794425087,1.0
957,0.9739583333333334,0.941747572815534,0.9600000000000001,0.9926470588235294,0.9801324503311258
958,0.9639889196675899,0.9560975609756097,1.0,0.9902912621359222,0.967741935483871
959,0.9641873278236914,0.9596412556053813,0.9333333333333333,0.9963636363636363,0.9506172839506174
960,0.96986301369863,0.9371980676328502,0.7692307692307693,0.9933333333333334,0.9673202614379085
961,0.9401197604790419,0.9090909090909091,0.6666666666666666,0.9923076923076923,0.9705882352941176
962,0.9664804469273743,0.9411764705882354,0.8,0.9964664310954063,0.9716981132075472
963,0.9644970414201184,0.9405940594059405,0.9523809523809523,0.9897610921501707,0.967391304347826
964,0.9753086419753085,0.9696969696969696,1.0,0.9834983498349835,0.9738219895287958
965,0.9453376205787781,0.9315068493150686,0.7499999999999999,0.993103448275862,0.961904761904762
966,0.967741935483871,0.9417475728155339,0.923076923076923,0.9848484848484849,0.9532710280373831
967,0.9573170731707318,0.9319371727748691,1.0,0.9790209790209791,0.9389671361502347
968,0.9483282674772037,0.9345794392523364,0.8,0.9822064056939502,0.9509803921568627
969,0.9708222811671087,0.9411764705882353,0.8571428571428571,0.9866666666666667,0.9807692307692307
970,0.9653179190751444,0.9321266968325793,1.0,0.990228013029316,0.945945945945946
971,0.9597701149425286,0.9308755760368663,0.888888888888889,0.9962546816479401,0.964467005076142
972,0.96514745308311,0.9385964912280702,0.7499999999999999,0.9921875,0.9595375722543352
973,0.9777777777777777,0.9494949494949495,0.8235294117647058,0.9919354838709677,0.9529411764705883
974,0.967359050445104,0.9491525423728815,0.9090909090909091,0.9932432432432432,0.970873786407767
975,0.9737609329446064,0.9368421052631579,0.9523809523809523,0.9927007299270074,0.9714285714285714
976,0.9567430025445293,0.9154228855721392,1.0,0.9959183673469388,0.9841269841269841
977,0.952112676056338,0.9248554913294799,0.8571428571428571,0.9855072463768116,0.9636363636363636
978,0.9485094850948509,0.9082125603864735,0.9333333333333333,0.9842519685039369,0.9533678756476685
979,0.9534883720930233,0.9344978165938865,0.8750000000000001,0.9785714285714286,0.9349112426035503
980,0.9620991253644314,0.934010152284264,0.9285714285714286,0.9932432432432432,0.9655172413793104
981,0.9689119170984455,0.9290322580645162,0.8,0.9966777408637874,0.9723756906077348
982,0.9613259668508287,0.9130434782608695,0.9600000000000001,0.981549815498155,0.9591836734693878
983,0.9529085872576177,0.9038461538461539,0.8571428571428571,0.9962264150943396,0.9578947368421052
984,0.9657142857142856,0.9427312775330396,0.8,0.9881422924901185,0.9740932642487047
985,0.9657142857142857,0.9162011173184358,0.7499999999999999,0.9965156794425087,0.9514563106796116
986,0.9757412398921833,0.9491525423728814,0.9,0.989247311827957,0.9842931937172774
987,0.96875,0.9400000000000001,1.0,0.9831932773109243,0.97
988,0.9602272727272726,0.9668246445497629,1.0,0.9836065573770492,0.9615384615384615
989,0.9640718562874252,0.9468599033816426,0.9333333333333333,0.9828178694158075,0.9738219895287958
990,0.968299711815562,0.963855421686747,0.8571428571428571,0.990228013029316,0.9543147208121826
991,0.9467455621301775,0.9224137931034484,0.9333333333333333,0.9964412811387899,0.9534883720930233
992,0.9498525073746312,0.923076923076923,1.0,0.9966555183946488,0.9681528662420382
993,0.9560723514211885,0.9207920792079209,0.9565217391304348,0.9881422924901185,0.9595375722543353
994,0.9623188405797102,0.9406392694063928,0.8235294117647058,0.9932432432432432,0.9440993788819877
995,0.9658792650918635,0.9308755760368663,0.8571428571428571,0.9917355371900827,0.9565217391304348
996,0.9736842105263157,0.951923076923077,0.9473684210526316,0.9888475836431226,0.9753086419753086
997,0.9401709401709402,0.8944723618090452,0.9333333333333333,0.9961685823754789,0.9528301886792454
998,0.9662921348314607,0.9318181818181818,0.9,0.9964412811387899,0.975609756097561
999,0.9567430025445293,0.908108108108108,0.7499999999999999,0.9847328244274809,0.9578947368421052
