,CD14 Mono,CD16 Mono,cDC2,pDC
0,0.9781818181818183,0.92,0.9130434782608696,1.0
1,0.984182776801406,0.9113924050632912,0.9387755102040817,0.9411764705882353
2,0.9803220035778176,0.9306930693069307,0.8749999999999999,1.0
3,0.9857651245551601,0.924731182795699,0.9444444444444444,0.9565217391304348
4,0.9723756906077348,0.9043478260869565,0.8749999999999999,1.0
5,0.977152899824253,0.9230769230769231,0.8636363636363636,1.0
6,0.9837837837837838,0.9494949494949495,0.9,1.0
7,0.9752650176678446,0.9462365591397849,0.7906976744186046,1.0
8,0.9808695652173912,0.9111111111111111,0.9142857142857143,1.0
9,0.9823943661971831,0.9148936170212766,0.875,0.9
10,0.9864864864864865,0.9268292682926829,0.9285714285714286,1.0
11,0.9756944444444444,0.9230769230769231,0.7647058823529411,0.923076923076923
12,0.9823943661971831,0.9574468085106383,0.8333333333333334,1.0
13,0.9837837837837837,0.9272727272727271,0.9375,0.9411764705882353
14,0.9807355516637478,0.9459459459459458,0.8235294117647057,0.888888888888889
15,0.9767441860465115,0.9130434782608695,0.8837209302325583,1.0
16,0.9734513274336283,0.9454545454545454,0.7567567567567568,1.0
17,0.9856115107913669,0.9333333333333333,0.967741935483871,1.0
18,0.9725085910652922,0.875,0.8421052631578948,1.0
19,0.9822064056939502,0.9504950495049505,0.8571428571428571,1.0
20,0.9846153846153847,0.9473684210526315,0.888888888888889,1.0
21,0.9768270944741532,0.9400000000000001,0.7333333333333334,0.9565217391304348
22,0.9840707964601769,0.9494949494949494,0.8571428571428572,0.9333333333333333
23,0.9826989619377162,0.962962962962963,0.7777777777777778,0.9473684210526316
24,0.9750889679715302,0.897196261682243,0.875,0.923076923076923
25,0.974910394265233,0.9090909090909091,0.8510638297872339,0.9523809523809523
26,0.9733570159857904,0.8461538461538461,0.875,0.88
27,0.9907578558225507,0.962962962962963,0.9629629629629629,0.9090909090909091
28,0.9776247848537006,0.8974358974358975,0.8235294117647058,0.9523809523809523
29,0.974820143884892,0.9047619047619048,0.8205128205128205,0.9714285714285714
30,0.9751434034416827,0.920353982300885,0.9206349206349207,0.9333333333333333
31,0.9859649122807017,0.9574468085106383,0.888888888888889,1.0
32,0.9914821124361158,0.9736842105263158,0.9090909090909091,1.0
33,0.9813242784380305,0.9230769230769231,0.7777777777777778,1.0
34,0.9737302977232924,0.8837209302325582,0.8749999999999999,0.888888888888889
35,0.9860627177700347,0.9514563106796117,0.888888888888889,1.0
36,0.9773913043478261,0.8780487804878049,0.9361702127659575,1.0
37,0.980108499095841,0.9032258064516129,0.9583333333333334,1.0
38,0.975,0.9176470588235294,0.7999999999999999,0.9655172413793104
39,0.9842381786339754,0.9367088607594937,0.92,1.0
40,0.9714285714285714,0.8602150537634408,0.9142857142857143,1.0
41,0.9858156028368794,0.9268292682926829,0.918918918918919,0.967741935483871
42,0.9845626072041167,0.9210526315789475,0.8888888888888888,0.9473684210526316
43,0.9773123909249563,0.8936170212765957,0.9142857142857143,1.0
44,0.9735849056603774,0.9454545454545454,0.8400000000000001,1.0
45,0.9754385964912281,0.9347826086956522,0.7142857142857143,1.0
46,0.9790209790209791,0.9230769230769231,0.8695652173913044,1.0
47,0.9837837837837837,0.968421052631579,0.8636363636363636,1.0
48,0.9786476868327402,0.9090909090909091,0.8979591836734693,1.0
49,0.9828178694158075,0.942528735632184,0.823529411764706,0.9090909090909091
50,0.979310344827586,0.942528735632184,0.8,1.0
51,0.9910554561717352,0.9607843137254902,0.9473684210526315,0.9333333333333333
52,0.9872495446265939,0.9411764705882353,0.9655172413793104,1.0
53,0.982078853046595,0.9387755102040817,0.7999999999999999,0.9285714285714286
54,0.9751773049645389,0.9425287356321839,0.7916666666666667,0.9333333333333333
55,0.9929824561403509,0.9565217391304348,1.0,1.0
56,0.9872958257713249,0.967741935483871,0.9130434782608695,1.0
57,0.9838420107719928,0.9629629629629629,0.8695652173913043,1.0
58,0.972875226039783,0.8823529411764706,0.9230769230769231,1.0
59,0.9890109890109892,0.961038961038961,0.9433962264150944,1.0
60,0.993006993006993,0.963855421686747,0.9696969696969697,1.0
61,0.9770723104056437,0.8915662650602411,0.9047619047619047,1.0
62,0.9744525547445256,0.8979591836734694,0.8837209302325582,0.9600000000000001
63,0.9754385964912281,0.9213483146067417,0.7878787878787877,1.0
64,0.9765765765765766,0.9024390243902439,0.8979591836734693,1.0
65,0.9799635701275046,0.923076923076923,0.9285714285714286,1.0
66,0.972972972972973,0.9069767441860465,0.8679245283018867,1.0
67,0.9721254355400697,0.8705882352941177,0.8837209302325582,1.0
68,0.9787234042553191,0.8636363636363636,1.0,1.0
69,0.9842381786339756,0.9462365591397849,0.8571428571428572,0.9333333333333333
70,0.9778534923339012,0.8484848484848485,0.9090909090909091,0.9411764705882353
71,0.9752650176678446,0.9090909090909091,0.7857142857142857,0.9523809523809523
72,0.9891696750902527,0.9484536082474228,0.9777777777777777,1.0
73,0.9715302491103203,0.8571428571428571,0.888888888888889,1.0
74,0.9775474956822107,0.9210526315789473,0.8571428571428571,1.0
75,0.9822695035460993,0.9213483146067416,0.9189189189189189,1.0
76,0.9787234042553191,0.9166666666666667,0.8999999999999999,1.0
77,0.976491862567812,0.9195402298850575,0.8571428571428572,0.9600000000000001
78,0.9748201438848921,0.918918918918919,0.8648648648648648,1.0
79,0.9817518248175182,0.9747899159663865,0.7499999999999999,0.9333333333333333
80,0.9686924493554329,0.8761904761904761,0.8780487804878048,0.9600000000000001
81,0.9763513513513513,0.8941176470588236,0.7692307692307692,0.9090909090909091
82,0.9802513464991023,0.9411764705882353,0.8474576271186439,0.9333333333333333
83,0.9820143884892085,0.9565217391304348,0.8108108108108109,0.9655172413793104
84,0.9842931937172774,0.9361702127659575,0.9032258064516129,1.0
85,0.9808695652173912,0.9397590361445783,0.8235294117647058,1.0
86,0.9826989619377162,0.9411764705882352,0.8648648648648649,1.0
87,0.9837251356238699,0.9647058823529412,0.8928571428571429,1.0
88,0.9783393501805054,0.9375000000000001,0.7999999999999999,0.9655172413793104
89,0.9897959183673468,0.9620253164556962,0.918918918918919,1.0
90,0.984070796460177,0.9583333333333333,0.8571428571428571,1.0
91,0.9895104895104895,0.9565217391304347,0.9411764705882353,1.0
92,0.979381443298969,0.9367088607594937,0.787878787878788,1.0
93,0.9764918625678121,0.9090909090909091,0.9090909090909091,1.0
94,0.9742710120068611,0.8674698795180722,0.8484848484848485,0.9333333333333333
95,0.9703315881326353,0.8607594936708861,0.8636363636363635,1.0
96,0.9893992932862191,0.9555555555555556,0.9032258064516129,0.962962962962963
97,0.979890310786106,0.9195402298850575,0.9285714285714286,1.0
98,0.9844559585492229,0.9111111111111111,0.962962962962963,1.0
99,0.9749999999999999,0.8865979381443299,0.8823529411764706,0.9565217391304348
100,0.978494623655914,0.9130434782608695,0.9047619047619047,1.0
101,0.9784172661870504,0.9183673469387755,0.9130434782608696,1.0
102,0.9896193771626298,0.963855421686747,0.8717948717948718,0.8571428571428571
103,0.9753521126760563,0.9019607843137255,0.8,0.9473684210526316
104,0.9844020797227035,0.945054945054945,0.888888888888889,1.0
105,0.9856115107913669,0.9473684210526316,0.9333333333333333,1.0
106,0.9895104895104896,0.9574468085106383,0.9090909090909091,0.9333333333333333
107,0.9868173258003766,0.9714285714285714,0.912280701754386,0.9523809523809523
108,0.9773123909249564,0.8831168831168831,0.9,1.0
109,0.976234003656307,0.9090909090909092,0.8695652173913043,0.9696969696969697
110,0.9808695652173913,0.9069767441860465,0.9,0.923076923076923
111,0.9857651245551601,0.9278350515463918,0.975609756097561,1.0
112,0.9875222816399288,0.9555555555555556,0.9199999999999999,0.923076923076923
113,0.9803921568627452,0.9215686274509804,0.9142857142857143,1.0
114,0.9727891156462585,0.8378378378378378,0.8484848484848485,0.9473684210526316
115,0.9797421731123388,0.9245283018867925,0.8823529411764706,0.967741935483871
116,0.9810671256454389,0.8941176470588236,0.918918918918919,0.9090909090909091
117,0.9901315789473685,0.9259259259259259,0.9523809523809523,1.0
118,0.9834254143646408,0.9484536082474226,0.923076923076923,1.0
119,0.9769094138543516,0.9199999999999999,0.7692307692307692,0.9600000000000001
120,0.9803921568627451,0.9176470588235294,0.9166666666666666,1.0
121,0.9881956155143339,0.9565217391304348,0.8823529411764706,1.0
122,0.9881154499151104,0.9846153846153847,0.85,1.0
123,0.9768270944741533,0.8941176470588236,0.8749999999999999,0.9
124,0.9750889679715302,0.8913043478260869,0.8979591836734695,0.9090909090909091
125,0.9738219895287958,0.8842105263157894,0.8823529411764706,1.0
126,0.981067125645439,0.9069767441860465,0.8823529411764706,0.923076923076923
127,0.9769094138543517,0.9213483146067416,0.7894736842105262,0.9166666666666666
128,0.9828767123287672,0.9545454545454546,0.7272727272727272,1.0
129,0.9823943661971831,0.9195402298850575,0.9032258064516129,1.0
130,0.9840707964601769,0.9263157894736843,0.9473684210526315,1.0
131,0.9823943661971831,0.896551724137931,0.9767441860465117,1.0
132,0.9878682842287696,0.9855072463768115,0.8928571428571429,1.0
133,0.9821428571428571,0.9199999999999999,0.9375,1.0
134,0.9931506849315068,0.9565217391304348,0.9583333333333334,0.923076923076923
135,0.9745454545454545,0.8865979381443299,0.9411764705882353,1.0
136,0.9841827768014059,0.9382716049382716,0.8947368421052632,1.0
137,0.979310344827586,0.955223880597015,0.823529411764706,1.0
138,0.9917627677100495,0.955223880597015,0.8799999999999999,0.9333333333333333
139,0.979020979020979,0.9183673469387755,0.8823529411764706,1.0
140,0.9844559585492229,0.9156626506024096,0.918918918918919,0.9333333333333333
141,0.9809358752166377,0.9743589743589743,0.7428571428571429,1.0
142,0.9911190053285969,0.9473684210526315,1.0,1.0
143,0.9825174825174825,0.9268292682926829,0.6956521739130435,0.9189189189189189
144,0.9806678383128296,0.924731182795699,0.9047619047619048,1.0
145,0.9842381786339754,0.9411764705882352,0.8484848484848485,0.9600000000000001
146,0.9861591695501729,0.942528735632184,0.9,0.888888888888889
147,0.9803220035778175,0.9213483146067417,0.8936170212765958,0.9473684210526316
148,0.9724137931034483,0.9090909090909092,0.8095238095238095,1.0
149,0.9798657718120806,0.9,0.8148148148148148,0.9090909090909091
150,0.9652777777777778,0.8865979381443299,0.7096774193548387,1.0
151,0.9855595667870035,0.9607843137254902,0.8947368421052632,1.0
152,0.9764065335753176,0.8979591836734694,0.8947368421052632,0.962962962962963
153,0.9754385964912281,0.8817204301075268,0.9090909090909091,1.0
154,0.9873417721518988,0.9494949494949494,0.9500000000000001,1.0
155,0.9790940766550522,0.9534883720930233,0.8260869565217392,1.0
156,0.9788732394366197,0.9367088607594937,0.8510638297872342,1.0
157,0.9846153846153847,0.9195402298850575,0.923076923076923,1.0
158,0.9819494584837545,0.9052631578947369,0.9545454545454546,0.9523809523809523
159,0.9710144927536232,0.8799999999999999,0.9090909090909091,1.0
160,0.98292220113852,0.9454545454545454,0.9433962264150944,1.0
161,0.9838998211091236,0.9565217391304348,0.878048780487805,1.0
162,0.9855072463768116,0.9523809523809524,0.918918918918919,1.0
163,0.9765886287625419,0.8732394366197183,0.8387096774193549,1.0
164,0.9752650176678446,0.9052631578947369,0.8484848484848484,1.0
165,0.993103448275862,0.967741935483871,0.9523809523809523,1.0
166,0.9782608695652174,0.888888888888889,0.975609756097561,1.0
167,0.9769911504424779,0.8837209302325582,0.9387755102040816,1.0
168,0.9803921568627451,0.9318181818181818,0.896551724137931,0.8571428571428571
169,0.9795221843003413,0.9176470588235294,0.7407407407407408,0.8750000000000001
170,0.9785714285714285,0.9473684210526315,0.7804878048780487,0.972972972972973
171,0.9746192893401014,0.8674698795180724,0.7777777777777778,1.0
172,0.9855595667870035,0.9791666666666666,0.888888888888889,1.0
173,0.9768211920529801,0.8484848484848486,0.8,0.9473684210526316
174,0.986159169550173,0.9374999999999999,0.9166666666666666,1.0
175,0.9802513464991023,0.8735632183908046,0.9600000000000001,0.9
176,0.9808027923211169,0.9500000000000001,0.7906976744186046,0.888888888888889
177,0.9844020797227037,0.9333333333333333,0.85,0.9090909090909091
178,0.98292220113852,0.9591836734693877,0.830188679245283,0.888888888888889
179,0.9823943661971831,0.9176470588235294,0.9047619047619048,0.9473684210526316
180,0.9750889679715302,0.9052631578947369,0.878048780487805,1.0
181,0.9739130434782608,0.8915662650602411,0.8636363636363636,1.0
182,0.9810017271157168,0.8988764044943819,0.9375,1.0
183,0.9845094664371772,0.9047619047619048,0.9714285714285714,1.0
184,0.9911504424778762,0.9642857142857143,0.9166666666666666,0.923076923076923
185,0.9804618117229129,0.9148936170212766,0.8947368421052632,0.9473684210526316
186,0.9778534923339012,0.8615384615384616,0.9,1.0
187,0.9649122807017544,0.8181818181818182,0.9090909090909091,1.0
188,0.9695885509838998,0.9302325581395349,0.75,0.9523809523809523
189,0.9844559585492229,0.935064935064935,0.8205128205128205,0.8421052631578948
190,0.9761092150170648,0.8571428571428572,0.8947368421052632,1.0
191,0.9797421731123389,0.9494949494949495,0.8928571428571428,1.0
192,0.9787985865724382,0.9032258064516129,0.8695652173913044,1.0
193,0.9914529914529915,0.9859154929577464,0.8947368421052632,1.0
194,0.9733570159857904,0.8941176470588236,0.8750000000000001,1.0
195,0.9858156028368794,0.9215686274509804,0.9696969696969697,0.9333333333333333
196,0.9840707964601769,0.9473684210526316,0.8571428571428572,0.9473684210526316
197,0.9805996472663139,0.9215686274509803,0.9189189189189189,1.0
198,0.9843478260869565,0.9743589743589743,0.8444444444444444,1.0
199,0.9788732394366197,0.8717948717948718,0.9523809523809523,1.0
200,0.9822695035460993,0.9500000000000001,0.8636363636363636,1.0
201,0.9824561403508772,0.9333333333333333,0.8571428571428571,1.0
202,0.9777015437392795,0.8913043478260869,0.8695652173913044,1.0
203,0.9817518248175183,0.924731182795699,0.9333333333333333,1.0
204,0.984182776801406,0.9069767441860465,0.9714285714285714,1.0
205,0.9806678383128296,0.9111111111111112,0.9142857142857143,1.0
206,0.9787985865724382,0.9113924050632911,0.8936170212765957,1.0
207,0.985663082437276,0.9433962264150944,0.9032258064516129,0.9473684210526316
208,0.9846153846153847,0.9565217391304348,0.8095238095238095,0.888888888888889
209,0.986013986013986,0.9787234042553191,0.823529411764706,1.0
210,0.9787234042553191,0.9285714285714286,0.7878787878787877,0.9696969696969697
211,0.9844020797227037,0.9268292682926829,0.9189189189189189,1.0
212,0.9898648648648649,0.9523809523809523,0.9333333333333333,1.0
213,0.9736379613356766,0.942528735632184,0.7027027027027026,0.9523809523809523
214,0.9797297297297297,0.8941176470588236,0.9032258064516129,1.0
215,0.9667250437828372,0.8358208955223881,0.8518518518518519,1.0
216,0.9821428571428571,0.9462365591397849,0.8749999999999999,0.923076923076923
217,0.9844020797227037,0.9230769230769231,0.9130434782608695,0.923076923076923
218,0.9715302491103203,0.9199999999999999,0.7894736842105262,1.0
219,0.9826388888888888,0.9148936170212766,0.9032258064516129,0.923076923076923
220,0.9773123909249563,0.8636363636363636,0.9714285714285714,1.0
221,0.9842381786339754,0.9411764705882353,0.8695652173913044,1.0
222,0.9746376811594203,0.9215686274509804,0.8444444444444444,0.9333333333333333
223,0.9818840579710145,0.9130434782608695,0.9230769230769231,0.888888888888889
224,0.972972972972973,0.9108910891089109,0.8421052631578947,1.0
225,0.986013986013986,0.9462365591397849,0.8333333333333334,0.9600000000000001
226,0.9929577464788732,0.9777777777777777,0.9473684210526316,1.0
227,0.983957219251337,0.9278350515463918,0.9230769230769231,0.9411764705882353
228,0.9750889679715303,0.8988764044943819,0.8648648648648648,1.0
229,0.9765765765765766,0.9010989010989011,0.9,1.0
230,0.978021978021978,0.9464285714285714,0.8421052631578948,1.0
231,0.9753521126760564,0.8749999999999999,0.9411764705882353,1.0
232,0.9863481228668943,0.9500000000000001,0.8823529411764706,1.0
233,0.9803220035778175,0.9487179487179489,0.8813559322033898,1.0
234,0.9788732394366197,0.945054945054945,0.7804878048780488,0.8571428571428571
235,0.9875666074600357,0.9574468085106385,0.8823529411764706,0.9565217391304348
236,0.9842381786339754,0.9361702127659575,0.7999999999999999,0.8421052631578948
237,0.9781818181818182,0.9494949494949494,0.8372093023255813,1.0
238,0.9812606473594548,0.9113924050632912,0.8749999999999999,1.0
239,0.9833024118738405,0.9523809523809523,0.9166666666666666,1.0
240,0.9862542955326461,0.9210526315789473,0.9333333333333332,0.9090909090909091
241,0.9917081260364843,0.9444444444444444,0.9333333333333333,0.888888888888889
242,0.9857142857142857,0.96,0.8750000000000001,1.0
243,0.9721254355400697,0.8823529411764706,0.8400000000000001,1.0
244,0.9788732394366197,0.946236559139785,0.7586206896551725,1.0
245,0.9740932642487047,0.8780487804878049,0.8717948717948718,1.0
246,0.9764309764309763,0.8860759493670887,0.8275862068965517,1.0
247,0.988155668358714,0.9523809523809523,0.8648648648648649,0.9565217391304348
248,0.986159169550173,0.9014084507042254,0.972972972972973,1.0
249,0.9843478260869565,0.9523809523809524,0.7999999999999999,0.9
250,0.9817518248175183,0.94,0.8695652173913043,0.9
251,0.9808695652173912,0.9047619047619048,0.9142857142857143,1.0
252,0.9795221843003413,0.8615384615384615,0.9333333333333333,1.0
253,0.985663082437276,0.9213483146067416,0.9714285714285714,1.0
254,0.9893617021276595,0.9318181818181819,0.9655172413793104,0.9696969696969697
255,0.9705882352941176,0.9090909090909092,0.8666666666666665,1.0
256,0.9823321554770318,0.9142857142857143,0.9411764705882353,0.888888888888889
257,0.9816849816849816,0.9230769230769231,0.9473684210526316,1.0
258,0.9764918625678118,0.8932038834951457,0.9473684210526316,1.0
259,0.9893992932862191,0.9565217391304347,0.9411764705882353,1.0
260,0.9770992366412213,0.9401709401709402,0.8571428571428571,1.0
261,0.9855595667870036,0.9230769230769231,0.9803921568627451,1.0
262,0.9752650176678446,0.9090909090909091,0.7999999999999999,0.967741935483871
263,0.9842931937172774,0.9268292682926829,0.9090909090909091,0.9333333333333333
264,0.9812606473594548,0.9130434782608695,0.8,0.8
265,0.984182776801406,0.9135802469135802,0.9583333333333334,1.0
266,0.9813874788494077,0.8656716417910447,0.9268292682926829,0.9333333333333333
267,0.9890909090909091,0.9591836734693877,0.9333333333333332,0.9523809523809523
268,0.9821428571428571,0.9230769230769231,0.9142857142857143,1.0
269,0.9845094664371773,0.9444444444444444,0.8837209302325583,1.0
270,0.9874776386404293,0.9375,0.9696969696969697,1.0
271,0.9914529914529915,0.9846153846153847,0.9166666666666666,1.0
272,0.9823321554770317,0.8947368421052632,0.9583333333333334,1.0
273,0.9878682842287696,0.9662921348314608,0.8666666666666666,1.0
274,0.9893992932862191,0.9512195121951219,0.9523809523809523,1.0
275,0.9838420107719928,0.9397590361445783,0.9047619047619048,1.0
276,0.9699115044247787,0.9056603773584906,0.7647058823529412,0.888888888888889
277,0.9783393501805053,0.9230769230769231,0.8837209302325583,1.0
278,0.9856115107913669,0.925,0.9583333333333334,1.0
279,0.986159169550173,0.9647058823529412,0.8484848484848485,1.0
280,0.9776247848537005,0.8860759493670887,0.8666666666666666,1.0
281,0.985663082437276,0.9387755102040817,0.9090909090909091,0.9600000000000001
282,0.981574539363484,0.9382716049382716,0.8,1.0
283,0.984070796460177,0.909090909090909,0.9142857142857143,0.923076923076923
284,0.9803921568627451,0.9130434782608695,0.9333333333333333,1.0
285,0.9766606822262118,0.9215686274509803,0.8235294117647058,0.9523809523809523
286,0.9822064056939501,0.9565217391304348,0.8695652173913043,1.0
287,0.9812734082397003,0.9361702127659575,0.9019607843137256,0.9714285714285714
288,0.9706959706959706,0.8958333333333333,0.8627450980392156,0.9523809523809523
289,0.9816360601001669,0.9156626506024096,0.8666666666666666,1.0
290,0.9677419354838709,0.9074074074074074,0.8620689655172413,0.9523809523809523
291,0.9894736842105263,0.9411764705882352,0.975609756097561,1.0
292,0.9804618117229129,0.9295774647887325,0.8846153846153846,1.0
293,0.9874326750448833,0.9696969696969697,0.9130434782608696,1.0
294,0.9768270944741533,0.8979591836734694,0.8888888888888888,0.9473684210526316
295,0.980108499095841,0.9361702127659575,0.8421052631578947,0.9655172413793104
296,0.9838420107719928,0.9263157894736843,0.9545454545454545,1.0
297,0.977152899824253,0.9183673469387755,0.8571428571428572,1.0
298,0.976027397260274,0.918918918918919,0.7096774193548387,0.9600000000000001
299,0.9948364888123925,0.9885057471264368,0.9285714285714286,1.0
300,0.982876712328767,0.9333333333333333,0.8695652173913043,1.0
301,0.9837837837837838,0.9176470588235294,0.9268292682926829,0.9696969696969697
302,0.9827586206896552,0.8974358974358975,0.9375,1.0
303,0.9840142095914742,0.9565217391304348,0.8936170212765957,1.0
304,0.9858657243816255,0.968421052631579,0.8275862068965517,1.0
305,0.9781021897810219,0.9400000000000001,0.8928571428571429,1.0
306,0.9694793536804308,0.8817204301075269,0.8636363636363636,1.0
307,0.9850746268656716,0.9380530973451328,0.9767441860465117,1.0
308,0.9834437086092715,0.898550724637681,0.8695652173913044,1.0
309,0.9821428571428571,0.9263157894736843,0.9090909090909091,1.0
310,0.9828178694158075,0.9230769230769231,0.88,1.0
311,0.9719298245614035,0.8947368421052632,0.8181818181818181,1.0
312,0.9792387543252595,0.9158878504672898,0.8695652173913044,1.0
313,0.9753521126760565,0.8705882352941177,0.9189189189189189,1.0
314,0.975,0.9113924050632911,0.8333333333333333,0.962962962962963
315,0.9757785467128027,0.8764044943820225,0.896551724137931,1.0
316,0.9775474956822107,0.875,0.8947368421052632,0.9411764705882353
317,0.9780775716694773,0.9090909090909091,0.7878787878787877,0.9090909090909091
318,0.9854545454545455,0.9600000000000001,0.8387096774193549,0.9696969696969697
319,0.979020979020979,0.8974358974358975,0.9090909090909091,1.0
320,0.972027972027972,0.875,0.875,1.0
321,0.9862542955326461,0.9428571428571428,0.8648648648648648,0.9600000000000001
322,0.9712351945854483,0.8450704225352113,0.8,0.9411764705882353
323,0.9863945578231292,0.9473684210526315,0.8571428571428571,1.0
324,0.989247311827957,0.9787234042553191,0.888888888888889,1.0
325,0.9876106194690265,0.9400000000000001,0.9166666666666666,0.9600000000000001
326,0.9742647058823529,0.9038461538461539,0.8749999999999999,0.888888888888889
327,0.9826989619377162,0.9263157894736843,0.8571428571428571,0.923076923076923
328,0.9847198641765705,0.8732394366197184,1.0,1.0
329,0.9818840579710145,0.9600000000000001,0.8372093023255814,0.9473684210526316
330,0.9737302977232924,0.896551724137931,0.8571428571428572,1.0
331,0.9908592321755026,0.99009900990099,0.888888888888889,0.9523809523809523
332,0.972875226039783,0.9345794392523364,0.7894736842105263,1.0
333,0.9683098591549296,0.8712871287128713,0.761904761904762,1.0
334,0.976234003656307,0.9320388349514563,0.8571428571428572,0.9333333333333333
335,0.987910189982729,0.961038961038961,0.8717948717948718,0.9473684210526316
336,0.9773123909249564,0.9090909090909091,0.8363636363636363,0.9
337,0.9822695035460993,0.875,0.9787234042553191,0.9565217391304348
338,0.9722222222222222,0.860759493670886,0.7500000000000001,0.9714285714285714
339,0.9844020797227037,0.9176470588235294,0.9411764705882353,1.0
340,0.9857651245551602,0.9615384615384616,0.909090909090909,1.0
341,0.978021978021978,0.891304347826087,0.9655172413793104,1.0
342,0.9880749574105621,0.9411764705882353,0.896551724137931,1.0
343,0.9855072463768116,0.96,0.8947368421052632,1.0
344,0.9824561403508772,0.9347826086956522,0.8666666666666666,1.0
345,0.9740034662045061,0.9213483146067415,0.7272727272727273,0.9333333333333333
346,0.9793814432989691,0.9014084507042254,0.8292682926829269,0.9
347,0.9830508474576272,0.8947368421052632,0.9166666666666666,1.0
348,0.9757914338919925,0.9056603773584906,0.9268292682926829,1.0
349,0.9814814814814815,0.9230769230769231,0.9333333333333332,0.9600000000000001
350,0.9581881533101045,0.8695652173913044,0.6666666666666667,1.0
351,0.9877408056042032,0.967741935483871,0.8571428571428571,0.9333333333333333
352,0.9823321554770317,0.9318181818181819,0.9,1.0
353,0.9795221843003413,0.9620253164556962,0.742857142857143,1.0
354,0.980108499095841,0.9215686274509804,0.9268292682926829,1.0
355,0.97196261682243,0.9122807017543859,0.8260869565217391,0.8421052631578948
356,0.9858657243816256,0.9333333333333332,0.9523809523809523,1.0
357,0.9822695035460993,0.9113924050632911,0.8846153846153846,0.8421052631578948
358,0.9666080843585237,0.8636363636363636,0.7647058823529411,0.9565217391304348
359,0.9704797047970479,0.8928571428571429,0.909090909090909,1.0
360,0.9801084990958407,0.9375000000000001,0.8936170212765958,1.0
361,0.9823321554770318,0.9302325581395349,0.8823529411764706,1.0
362,0.9808695652173913,0.9176470588235294,0.8947368421052632,1.0
363,0.9751773049645389,0.9047619047619048,0.8636363636363636,1.0
364,0.9742710120068611,0.8817204301075269,0.8571428571428571,1.0
365,0.9861591695501729,0.9302325581395349,0.9444444444444444,1.0
366,0.9892857142857143,0.9565217391304348,0.9545454545454546,1.0
367,0.9858657243816255,0.9534883720930233,0.9166666666666666,1.0
368,0.9707602339181286,0.944,0.8461538461538461,1.0
369,0.9879931389365352,0.9428571428571428,0.9411764705882353,1.0
370,0.9809358752166377,0.9462365591397849,0.7586206896551724,0.9333333333333333
371,0.9838420107719928,0.9545454545454545,0.8500000000000001,0.9655172413793104
372,0.975517890772128,0.9090909090909091,0.9152542372881356,0.9600000000000001
373,0.9788732394366197,0.9333333333333333,0.85,1.0
374,0.977469670710572,0.9024390243902439,0.8837209302325582,1.0
375,0.9876106194690265,0.9545454545454546,0.9333333333333333,1.0
376,0.9801801801801803,0.9484536082474228,0.8571428571428572,1.0
377,0.9898648648648649,0.9275362318840579,0.9375,0.9523809523809523
378,0.9740932642487047,0.8571428571428572,0.8148148148148148,0.967741935483871
379,0.9829351535836177,0.9156626506024096,0.8695652173913044,1.0
380,0.9805996472663139,0.9253731343283583,0.888888888888889,0.9411764705882353
381,0.97632058287796,0.9032258064516128,0.9333333333333333,1.0
382,0.9808027923211169,0.9333333333333332,0.7741935483870968,0.9
383,0.975609756097561,0.9444444444444444,0.8771929824561403,1.0
384,0.9799635701275046,0.9357798165137615,0.888888888888889,0.9090909090909091
385,0.9769911504424779,0.8952380952380953,0.8666666666666666,0.8571428571428571
386,0.9806678383128296,0.9210526315789475,0.8936170212765957,1.0
387,0.9836660617059891,0.9391304347826087,0.918918918918919,0.9090909090909091
388,0.974910394265233,0.9111111111111112,0.8292682926829269,0.9600000000000001
389,0.9850249584026622,0.9014084507042254,0.8571428571428571,0.8571428571428571
390,0.9727767695099818,0.9523809523809524,0.7843137254901961,1.0
391,0.9793103448275862,0.9069767441860465,0.8148148148148148,0.9523809523809523
392,0.9789473684210526,0.9263157894736843,0.8484848484848485,1.0
393,0.9823943661971831,0.9113924050632911,0.9411764705882353,1.0
394,0.9757914338919925,0.9108910891089108,0.8095238095238095,0.8823529411764706
395,0.9829351535836178,0.9024390243902439,0.8571428571428571,0.888888888888889
396,0.9754385964912281,0.891566265060241,0.888888888888889,1.0
397,0.9774436090225563,0.9285714285714286,0.9285714285714286,1.0
398,0.9896551724137932,0.9397590361445782,0.9655172413793104,1.0
399,0.9874326750448833,0.9494949494949495,0.9302325581395349,0.9333333333333333
400,0.9786476868327402,0.9438202247191011,0.8292682926829269,1.0
401,0.9774696707105719,0.8860759493670887,0.8717948717948718,0.9473684210526316
402,0.9714285714285714,0.8932038834951457,0.8275862068965517,1.0
403,0.9861111111111109,0.9397590361445783,0.8571428571428571,0.962962962962963
404,0.9819494584837545,0.9523809523809523,0.8292682926829269,0.8571428571428571
405,0.985663082437276,0.9787234042553191,0.7999999999999999,0.962962962962963
406,0.9877408056042032,0.9318181818181818,0.972972972972973,1.0
407,0.9910554561717353,0.9787234042553191,0.923076923076923,1.0
408,0.9742647058823529,0.898876404494382,0.912280701754386,1.0
409,0.9699115044247788,0.8478260869565216,0.923076923076923,1.0
410,0.9865319865319865,0.9438202247191012,0.8421052631578948,1.0
411,0.9753521126760565,0.9047619047619047,0.8333333333333333,1.0
412,0.9801801801801803,0.9090909090909092,0.8947368421052632,0.9696969696969697
413,0.9817578772802654,0.8823529411764706,0.888888888888889,1.0
414,0.9896907216494845,0.9487179487179489,0.9444444444444444,1.0
415,0.9879931389365352,0.9295774647887323,0.9500000000000001,1.0
416,0.9834254143646408,0.9361702127659574,0.9166666666666666,0.9655172413793104
417,0.9857142857142858,0.946236559139785,0.9361702127659575,1.0
418,0.9819494584837545,0.8988764044943819,0.96,0.9523809523809523
419,0.9765100671140939,0.875,0.7692307692307693,0.8333333333333333
420,0.9826388888888888,0.9176470588235294,0.888888888888889,1.0
421,0.9878260869565219,0.9545454545454545,0.9230769230769231,1.0
422,0.9808695652173912,0.9195402298850575,0.8484848484848485,0.9473684210526316
423,0.9808695652173913,0.8974358974358975,0.9189189189189189,1.0
424,0.9879101899827287,0.9347826086956522,0.962962962962963,1.0
425,0.9660107334525939,0.8780487804878049,0.8163265306122449,1.0
426,0.9823321554770319,0.9473684210526315,0.8421052631578948,0.9333333333333333
427,0.9855595667870035,0.9719626168224299,0.8648648648648648,1.0
428,0.9803220035778176,0.9438202247191012,0.8627450980392156,0.9333333333333333
429,0.9874776386404293,0.9782608695652174,0.888888888888889,1.0
430,0.9849749582637729,0.9032258064516129,0.9032258064516129,1.0
431,0.9790940766550522,0.9111111111111112,0.7826086956521738,0.962962962962963
432,0.9699115044247788,0.9052631578947369,0.8260869565217391,1.0
433,0.9777777777777779,0.888888888888889,0.9473684210526316,0.962962962962963
434,0.9855595667870036,0.9230769230769231,0.9500000000000001,0.9655172413793104
435,0.972972972972973,0.8627450980392157,0.9696969696969697,1.0
436,0.9824561403508772,0.9263157894736842,0.9090909090909091,1.0
437,0.9835466179159049,0.9391304347826087,0.9411764705882353,1.0
438,0.9805309734513276,0.9320388349514563,0.8387096774193549,0.9333333333333333
439,0.9656419529837252,0.85,0.8474576271186439,0.9090909090909091
440,0.9807355516637477,0.9135802469135802,0.8648648648648649,0.9600000000000001
441,0.9946140035906643,1.0,0.9142857142857143,1.0
442,0.9791666666666666,0.9318181818181819,0.8571428571428571,1.0
443,0.9740034662045061,0.888888888888889,0.8148148148148148,1.0
444,0.9840142095914742,0.9484536082474228,0.8717948717948718,0.9333333333333333
445,0.9725085910652922,0.8571428571428571,0.8108108108108109,0.9600000000000001
446,0.9813874788494077,0.9210526315789473,0.8333333333333333,0.9090909090909091
447,0.9811965811965812,0.8985507246376812,0.8888888888888888,1.0
448,0.9725776965265082,0.9010989010989011,0.8771929824561403,0.9473684210526316
449,0.9672727272727273,0.8598130841121494,0.9047619047619048,0.9333333333333333
450,0.978021978021978,0.9199999999999999,0.8947368421052632,1.0
451,0.9820788530465948,0.9375,0.9090909090909091,1.0
452,0.9752650176678446,0.910891089108911,0.7272727272727272,0.9600000000000001
453,0.9754385964912281,0.8958333333333334,0.8275862068965518,0.9473684210526316
454,0.9817518248175183,0.9320388349514563,0.909090909090909,0.9473684210526316
455,0.9840142095914742,0.9213483146067416,0.9268292682926829,0.9523809523809523
456,0.9820143884892086,0.9473684210526315,0.8636363636363636,0.9473684210526316
457,0.9729729729729729,0.9320388349514563,0.7777777777777778,1.0
458,0.9846153846153846,0.9428571428571428,0.8837209302325583,1.0
459,0.9822064056939502,0.8860759493670887,0.9545454545454546,0.9655172413793104
460,0.988970588235294,0.967032967032967,0.9090909090909091,0.9166666666666666
461,0.9863481228668943,0.9285714285714286,0.9333333333333333,1.0
462,0.9762340036563072,0.9174311926605505,0.8947368421052632,1.0
463,0.9911816578483246,0.967741935483871,0.9310344827586207,0.962962962962963
464,0.9811320754716981,0.924731182795699,0.8571428571428571,1.0
465,0.9793814432989691,0.9333333333333333,0.8,1.0
466,0.9822695035460993,0.925,0.9130434782608696,1.0
467,0.9810671256454389,0.9047619047619048,0.9230769230769231,1.0
468,0.9811965811965812,0.8648648648648648,0.9285714285714286,0.962962962962963
469,0.982638888888889,0.925,0.8888888888888888,1.0
470,0.989247311827957,0.9767441860465117,0.9130434782608696,1.0
471,0.9821428571428571,0.9024390243902439,0.9600000000000001,1.0
472,0.9816849816849816,0.9523809523809523,0.888888888888889,1.0
473,0.9798165137614678,0.9213483146067417,0.923076923076923,0.9333333333333333
474,0.9871559633027522,0.9591836734693877,0.8695652173913043,0.88
475,0.9752650176678446,0.9032258064516129,0.8648648648648648,1.0
476,0.9693693693693693,0.8571428571428572,0.9268292682926829,1.0
477,0.9891696750902527,0.9400000000000001,1.0,1.0
478,0.9862542955326461,0.9295774647887323,0.923076923076923,1.0
479,0.969258589511754,0.9038461538461539,0.8292682926829269,1.0
480,0.9762340036563071,0.923076923076923,0.851063829787234,0.8750000000000001
481,0.9779411764705882,0.9,0.9199999999999999,0.9
482,0.9838998211091234,0.9532710280373832,0.8275862068965518,0.9473684210526316
483,0.9778597785977858,0.9369369369369368,0.8571428571428571,0.9473684210526316
484,0.9649122807017543,0.7945205479452054,0.8636363636363636,0.962962962962963
485,0.9664902998236332,0.8695652173913044,0.7999999999999999,0.9333333333333333
486,0.982638888888889,0.925,0.9047619047619048,1.0
487,0.985663082437276,0.9375,0.9,0.9
488,0.9795918367346939,0.9333333333333333,0.888888888888889,0.967741935483871
489,0.9746192893401017,0.8735632183908046,0.8571428571428571,1.0
490,0.9792060491493384,0.9565217391304348,0.8421052631578948,1.0
491,0.971326164874552,0.8888888888888888,0.8205128205128205,0.962962962962963
492,0.9891304347826086,0.9494949494949494,0.9795918367346939,1.0
493,0.9727891156462585,0.8857142857142858,0.7777777777777778,1.0
494,0.9769911504424779,0.9230769230769231,0.8421052631578948,1.0
495,0.979381443298969,0.8974358974358975,0.8823529411764706,1.0
496,0.9808695652173913,0.9230769230769231,0.8947368421052632,1.0
497,0.9764065335753175,0.9213483146067416,0.875,1.0
498,0.975609756097561,0.9387755102040817,0.8888888888888888,1.0
499,0.9787985865724382,0.924731182795699,0.878048780487805,1.0
500,0.9808027923211169,0.9589041095890412,0.7999999999999999,0.9565217391304348
501,0.9876977152899824,0.967032967032967,0.8837209302325583,0.9090909090909091
502,0.9826989619377162,0.8767123287671234,0.9523809523809523,0.9523809523809523
503,0.986159169550173,0.9487179487179489,0.8750000000000001,1.0
504,0.9818181818181818,0.9333333333333332,0.8846153846153846,0.9090909090909091
505,0.9790940766550522,0.924731182795699,0.8,1.0
506,0.9840142095914742,0.9473684210526315,0.8571428571428571,1.0
507,0.9724137931034483,0.8865979381443299,0.8,1.0
508,0.9820143884892086,0.9484536082474228,0.8205128205128205,0.9090909090909091
509,0.9818181818181818,0.9438202247191012,0.888888888888889,1.0
510,0.9841269841269842,0.9230769230769231,0.9333333333333332,1.0
511,0.9855595667870036,0.9438202247191012,0.8888888888888888,0.8235294117647058
512,0.9781021897810219,0.9090909090909091,0.8484848484848485,0.9411764705882353
513,0.9724137931034483,0.9111111111111111,0.7096774193548387,0.923076923076923
514,0.9872958257713249,0.9583333333333334,0.9333333333333332,1.0
515,0.9823182711198428,0.9774436090225564,0.875,1.0
516,0.9757009345794392,0.9298245614035087,0.8936170212765957,1.0
517,0.9785714285714285,0.9361702127659574,0.8695652173913044,1.0
518,0.9824561403508771,0.9523809523809523,0.8205128205128205,0.9523809523809523
519,0.9859154929577465,0.9397590361445783,0.9361702127659575,1.0
520,0.9799635701275046,0.924731182795699,0.9130434782608695,1.0
521,0.9755244755244755,0.888888888888889,0.878048780487805,1.0
522,0.9805996472663139,0.9494949494949494,0.7692307692307693,1.0
523,0.9777777777777777,0.9142857142857144,0.8936170212765957,0.9090909090909091
524,0.9755244755244755,0.9111111111111111,0.8292682926829269,0.9090909090909091
525,0.9787985865724382,0.9263157894736843,0.8717948717948718,1.0
526,0.983666061705989,0.9607843137254902,0.888888888888889,1.0
527,0.9773913043478261,0.8979591836734694,0.8461538461538461,0.9333333333333333
528,0.9816849816849816,0.9523809523809523,0.8648648648648648,1.0
529,0.9801801801801802,0.9391304347826087,0.8750000000000001,1.0
530,0.9765765765765766,0.8817204301075269,0.9473684210526316,1.0
531,0.9768270944741533,0.9438202247191012,0.8461538461538461,1.0
532,0.9748201438848921,0.9052631578947369,0.8571428571428571,0.9523809523809523
533,0.9813874788494077,0.9166666666666667,0.8125,0.9473684210526316
534,0.9781818181818183,0.9278350515463918,0.8421052631578947,0.9655172413793104
535,0.9845626072041167,0.9487179487179488,0.7999999999999999,0.888888888888889
536,0.9857651245551602,0.9375,0.9473684210526315,1.0
537,0.9841269841269842,0.9230769230769231,0.9411764705882353,1.0
538,0.9785714285714286,0.9069767441860465,0.8947368421052632,1.0
539,0.9792843691148777,0.9245283018867925,0.92,0.962962962962963
540,0.9854014598540145,0.9583333333333334,0.8936170212765957,0.9565217391304348
541,0.9837837837837837,0.9484536082474228,0.8648648648648648,0.9600000000000001
542,0.9842931937172774,0.918918918918919,0.9047619047619048,0.9600000000000001
543,0.9896193771626298,0.9577464788732395,0.9302325581395349,1.0
544,0.9757914338919926,0.9052631578947369,0.8727272727272727,0.888888888888889
545,0.9781818181818182,0.9215686274509803,0.9047619047619048,1.0
546,0.9844559585492229,0.9069767441860465,0.9600000000000001,1.0
547,0.9731663685152058,0.8867924528301887,0.923076923076923,1.0
548,0.9745331069609509,0.8604651162790697,0.9090909090909091,1.0
549,0.9945945945945946,0.98,0.967741935483871,1.0
550,0.9837837837837837,0.9357798165137615,0.9090909090909091,0.9411764705882353
551,0.9752650176678446,0.9108910891089109,0.8484848484848485,1.0
552,0.9849749582637728,0.9041095890410958,0.9333333333333333,1.0
553,0.9910873440285205,0.9534883720930233,0.9787234042553191,1.0
554,0.9776247848537005,0.8947368421052632,0.85,0.9411764705882353
555,0.9783393501805054,0.9423076923076924,0.8421052631578947,1.0
556,0.9825783972125435,0.9278350515463918,0.8823529411764706,0.888888888888889
557,0.9776119402985075,0.9482758620689655,0.8571428571428571,1.0
558,0.9757785467128027,0.8780487804878048,0.8666666666666666,1.0
559,0.9864864864864864,0.9285714285714285,0.9285714285714286,1.0
560,0.984070796460177,0.9318181818181818,0.9142857142857143,1.0
561,0.9825783972125435,0.9130434782608695,0.9285714285714286,1.0
562,0.9799635701275046,0.9259259259259259,0.8666666666666667,0.962962962962963
563,0.97632058287796,0.8913043478260869,0.9130434782608695,0.962962962962963
564,0.9684601113172542,0.8846153846153846,0.9056603773584904,1.0
565,0.9783393501805054,0.9361702127659574,0.8727272727272727,0.9090909090909091
566,0.9879931389365352,0.9333333333333333,0.9230769230769231,0.9411764705882353
567,0.9860627177700348,0.9176470588235294,0.9523809523809523,0.923076923076923
568,0.9811965811965813,0.8857142857142858,0.8648648648648649,0.9090909090909091
569,0.9841269841269842,0.9176470588235294,0.9142857142857143,0.962962962962963
570,0.9803220035778176,0.8817204301075269,0.9767441860465117,0.9473684210526316
571,0.9674099485420241,0.888888888888889,0.7096774193548387,1.0
572,0.9696969696969697,0.888888888888889,0.8108108108108107,0.9411764705882353
573,0.9775474956822108,0.875,0.823529411764706,0.9090909090909091
574,0.9873873873873874,0.9487179487179489,0.9508196721311475,1.0
575,0.9813242784380306,0.8947368421052632,0.888888888888889,1.0
576,0.9847198641765704,0.9090909090909091,0.923076923076923,1.0
577,0.9811320754716981,0.8863636363636364,0.962962962962963,1.0
578,0.9786476868327401,0.8860759493670887,0.9056603773584904,0.9
579,0.9842931937172774,0.9302325581395349,0.7999999999999999,0.88
580,0.9764309764309764,0.8923076923076922,0.8,1.0
581,0.9833024118738404,0.9278350515463918,0.9473684210526316,0.9523809523809523
582,0.9718309859154929,0.888888888888889,0.85,1.0
583,0.9734513274336283,0.9113924050632911,0.7999999999999999,0.9600000000000001
584,0.9845094664371773,0.9367088607594937,0.8947368421052632,1.0
585,0.9789473684210527,0.9367088607594938,0.8260869565217391,0.9473684210526316
586,0.9827586206896551,0.8915662650602411,0.8461538461538461,0.88
587,0.9838998211091234,0.9347826086956522,0.9130434782608695,0.9411764705882353
588,0.9891696750902527,0.9662921348314608,0.9047619047619048,0.9655172413793104
589,0.9803220035778175,0.9213483146067417,0.8387096774193549,0.9714285714285714
590,0.9857651245551601,0.9555555555555557,0.92,1.0
591,0.9805309734513274,0.888888888888889,0.9583333333333334,1.0
592,0.977152899824253,0.8974358974358975,0.8936170212765957,1.0
593,0.9859649122807017,0.9574468085106383,0.8947368421052632,1.0
594,0.9731663685152058,0.8641975308641976,0.8936170212765957,0.962962962962963
595,0.9740740740740741,0.9158878504672898,0.8717948717948718,1.0
596,0.9765765765765766,0.9263157894736843,0.8695652173913044,1.0
597,0.9895104895104895,0.9629629629629629,0.9166666666666666,1.0
598,0.983221476510067,0.8918918918918919,0.9375,1.0
599,0.9725776965265082,0.8932038834951458,0.8500000000000001,0.9166666666666666
600,0.977152899824253,0.8860759493670887,0.9166666666666666,1.0
601,0.9705372616984402,0.8674698795180722,0.8571428571428571,1.0
602,0.9822695035460993,0.9767441860465116,0.8301886792452831,0.9090909090909091
603,0.9794392523364486,0.9532710280373832,0.8846153846153846,1.0
604,0.9838420107719928,0.9375,0.9,0.9523809523809523
605,0.979020979020979,0.9320388349514563,0.8484848484848485,1.0
606,0.9856115107913668,0.9382716049382716,0.9047619047619048,0.9714285714285714
607,0.9776119402985074,0.95,0.8444444444444444,0.923076923076923
608,0.9864406779661017,0.955223880597015,0.8484848484848485,1.0
609,0.9779411764705882,0.9245283018867924,0.8947368421052632,1.0
610,0.9825783972125435,0.9195402298850575,0.9142857142857143,1.0
611,0.9808695652173912,0.9397590361445782,0.8292682926829269,0.9333333333333333
612,0.9872029250457038,0.9572649572649572,0.9032258064516129,0.9473684210526316
613,0.9827586206896552,0.9230769230769231,0.8571428571428572,0.9523809523809523
614,0.9782608695652174,0.9130434782608695,0.923076923076923,1.0
615,0.9765765765765766,0.9215686274509804,0.8695652173913043,0.9090909090909091
616,0.9856115107913668,0.9610389610389611,0.888888888888889,0.962962962962963
617,0.9731663685152057,0.8571428571428571,0.9302325581395349,1.0
618,0.9825783972125435,0.9113924050632912,0.9333333333333332,1.0
619,0.9750889679715302,0.9010989010989011,0.7692307692307692,0.9714285714285714
620,0.9855072463768116,0.9350649350649352,0.9508196721311476,1.0
621,0.9911816578483243,0.9591836734693877,0.9090909090909091,0.962962962962963
622,0.9787985865724383,0.9320388349514563,0.8484848484848484,1.0
623,0.983050847457627,0.9135802469135802,0.888888888888889,1.0
624,0.9864406779661017,0.9382716049382716,0.9142857142857143,1.0
625,0.9833024118738405,0.9491525423728815,0.9142857142857143,1.0
626,0.9863013698630136,0.961038961038961,0.8235294117647058,0.9473684210526316
627,0.9786476868327401,0.9318181818181819,0.851063829787234,0.9411764705882353
628,0.9821428571428571,0.9534883720930233,0.8510638297872339,0.9523809523809523
629,0.9745331069609507,0.8947368421052632,0.8,1.0
630,0.9876977152899824,0.9285714285714286,0.9523809523809523,0.9473684210526316
631,0.9695885509838998,0.8510638297872339,0.923076923076923,1.0
632,0.9768270944741532,0.9423076923076924,0.7272727272727273,0.8750000000000001
633,0.9783393501805056,0.9512195121951219,0.8518518518518519,1.0
634,0.9756944444444445,0.8421052631578947,0.9333333333333332,0.9411764705882353
635,0.9925650557620818,0.9906542056074767,0.8780487804878048,0.9285714285714286
636,0.9716312056737588,0.8888888888888888,0.761904761904762,0.888888888888889
637,0.9931972789115646,0.963855421686747,0.967741935483871,1.0
638,0.975177304964539,0.9090909090909091,0.8387096774193548,1.0
639,0.9837251356238698,0.9523809523809524,0.9,1.0
640,0.9829931972789115,0.963855421686747,0.7878787878787878,1.0
641,0.9773123909249564,0.9019607843137255,0.8799999999999999,1.0
642,0.9842931937172775,0.9302325581395349,0.9142857142857143,1.0
643,0.9769094138543516,0.9111111111111112,0.8717948717948718,1.0
644,0.9761467889908257,0.9306930693069307,0.8372093023255814,0.9600000000000001
645,0.990791896869245,0.9696969696969697,0.9545454545454545,1.0
646,0.9795221843003413,0.9111111111111111,0.8461538461538461,1.0
647,0.9890909090909091,0.9462365591397849,0.9583333333333334,0.9565217391304348
648,0.9857651245551601,0.925,0.9500000000000001,1.0
649,0.9805309734513274,0.924731182795699,0.8750000000000001,1.0
650,0.9891304347826086,0.9622641509433962,0.9268292682926829,0.9333333333333333
651,0.981203007518797,0.9320388349514563,0.9285714285714286,0.9565217391304348
652,0.9695817490494296,0.8983050847457628,0.9056603773584906,0.9411764705882353
653,0.9811320754716981,0.9534883720930233,0.7741935483870968,1.0
654,0.9898305084745763,0.9295774647887323,0.9444444444444444,0.9411764705882353
655,0.9810671256454389,0.9249999999999999,0.8648648648648648,1.0
656,0.9775474956822107,0.9,0.8780487804878049,1.0
657,0.9762340036563071,0.9111111111111112,0.9180327868852458,1.0
658,0.9791666666666666,0.9010989010989011,0.8888888888888888,0.9090909090909091
659,0.9844020797227035,0.9500000000000001,0.85,0.9411764705882353
660,0.9819494584837545,0.9387755102040817,0.8780487804878049,0.9523809523809523
661,0.9807355516637478,0.9333333333333332,0.8444444444444444,0.9565217391304348
662,0.9876977152899824,0.9591836734693877,0.8333333333333333,0.9565217391304348
663,0.977152899824253,0.896551724137931,0.9047619047619048,1.0
664,0.9822695035460993,0.9230769230769231,0.8837209302325582,0.8750000000000001
665,0.9845626072041167,0.8852459016393444,0.9523809523809523,1.0
666,0.9773913043478261,0.9113924050632911,0.8571428571428571,1.0
667,0.9843478260869565,0.9574468085106383,0.8148148148148148,1.0
668,0.9792387543252594,0.8860759493670887,0.8823529411764706,0.9565217391304348
669,0.9734513274336283,0.8695652173913043,0.9333333333333333,1.0
670,0.9855595667870035,0.9523809523809523,0.8837209302325583,0.9696969696969697
671,0.9826989619377162,0.9523809523809523,0.8205128205128205,0.923076923076923
672,0.9756944444444444,0.8809523809523809,0.8749999999999999,1.0
673,0.9801084990958407,0.9484536082474228,0.8695652173913044,1.0
674,0.9794520547945205,0.9024390243902439,0.8484848484848485,0.9333333333333333
675,0.9843478260869565,0.9024390243902439,0.9166666666666666,0.9696969696969697
676,0.9913644214162349,0.9782608695652174,0.9090909090909091,1.0
677,0.9801801801801803,0.9111111111111111,0.8947368421052632,0.967741935483871
678,0.9847328244274809,0.9702970297029702,0.9090909090909091,1.0
679,0.9793103448275863,0.8842105263157894,0.9565217391304348,1.0
680,0.9792387543252595,0.9176470588235294,0.8571428571428571,1.0
681,0.9739130434782609,0.8421052631578947,0.9189189189189189,1.0
682,0.9783393501805053,0.9361702127659575,0.8695652173913043,1.0
683,0.9810671256454389,0.9285714285714286,0.8125000000000001,0.9411764705882353
684,0.9713261648745519,0.9043478260869566,0.8275862068965517,1.0
685,0.9813874788494078,0.8787878787878789,0.9142857142857143,1.0
686,0.9877408056042032,0.9523809523809524,0.9302325581395349,1.0
687,0.9714285714285714,0.8979591836734695,0.8571428571428571,1.0
688,0.9850746268656716,0.9142857142857143,0.9032258064516129,1.0
689,0.983666061705989,0.9345794392523364,0.9032258064516129,0.9600000000000001
690,0.9859649122807017,0.945054945054945,0.9142857142857143,1.0
691,0.9734513274336283,0.9230769230769231,0.7999999999999999,1.0
692,0.9810671256454389,0.909090909090909,0.88,1.0
693,0.9754385964912281,0.8915662650602411,0.8717948717948718,1.0
694,0.9818840579710145,0.9306930693069307,0.9333333333333333,1.0
695,0.9933110367892976,0.96875,0.9333333333333333,1.0
696,0.9763205828779599,0.9473684210526315,0.7999999999999999,0.9600000000000001
697,0.987108655616943,0.968421052631579,0.9152542372881356,0.9411764705882353
698,0.9822064056939502,0.9263157894736843,0.9361702127659575,1.0
699,0.9820143884892086,0.9347826086956522,0.8695652173913043,0.9
700,0.9877408056042032,0.963855421686747,0.8292682926829269,0.8421052631578948
701,0.9807355516637478,0.9072164948453608,0.9285714285714286,1.0
702,0.9739130434782609,0.888888888888889,0.8205128205128205,0.9473684210526316
703,0.9802513464991023,0.92,0.875,0.9600000000000001
704,0.9712092130518234,0.912280701754386,0.9090909090909091,1.0
705,0.9818840579710145,0.9484536082474228,0.888888888888889,1.0
706,0.9743589743589742,0.9203539823008849,0.8108108108108107,0.888888888888889
707,0.978021978021978,0.9215686274509803,0.9333333333333333,1.0
708,0.972972972972973,0.9183673469387755,0.8333333333333334,0.923076923076923
709,0.9891304347826086,0.9514563106796117,0.9714285714285714,1.0
710,0.974910394265233,0.9069767441860465,0.8750000000000001,1.0
711,0.9783393501805054,0.9183673469387755,0.8333333333333334,0.923076923076923
712,0.9717314487632509,0.9166666666666666,0.8333333333333333,1.0
713,0.9802513464991024,0.9292929292929293,0.8837209302325583,0.9333333333333333
714,0.980461811722913,0.9142857142857144,0.8571428571428572,0.9600000000000001
715,0.989010989010989,0.9514563106796117,0.9787234042553191,1.0
716,0.9776247848537005,0.8732394366197184,0.9090909090909091,1.0
717,0.968342644320298,0.8979591836734694,0.8727272727272728,1.0
718,0.9783393501805054,0.898876404494382,0.9387755102040817,1.0
719,0.9838998211091234,0.9425287356321839,0.8936170212765957,0.9523809523809523
720,0.9831144465290808,0.9217391304347826,1.0,1.0
721,0.9875666074600357,0.9268292682926829,0.9824561403508771,1.0
722,0.9781818181818182,0.9199999999999999,0.9047619047619047,1.0
723,0.976491862567812,0.9072164948453607,0.9090909090909091,1.0
724,0.9889705882352942,0.9690721649484536,0.9361702127659575,1.0
725,0.9776951672862454,0.9174311926605504,0.9,0.962962962962963
726,0.9706959706959706,0.8979591836734694,0.8846153846153846,1.0
727,0.9844559585492227,0.8918918918918919,0.972972972972973,1.0
728,0.9704347826086956,0.8817204301075269,0.7878787878787877,0.923076923076923
729,0.9872495446265938,0.9555555555555556,0.9230769230769231,1.0
730,0.9748201438848921,0.9357798165137615,0.7741935483870969,1.0
731,0.9743589743589743,0.9032258064516129,0.8979591836734695,1.0
732,0.9854014598540146,0.9555555555555556,0.9090909090909091,1.0
733,0.9805309734513274,0.9367088607594938,0.8636363636363636,1.0
734,0.983666061705989,0.9523809523809523,0.9166666666666666,1.0
735,0.9878682842287696,0.9295774647887325,0.9433962264150944,0.923076923076923
736,0.9812606473594548,0.9176470588235294,0.8181818181818181,1.0
737,0.9826388888888888,0.9268292682926831,0.9047619047619047,1.0
738,0.9807355516637477,0.9213483146067417,0.8947368421052632,1.0
739,0.976491862567812,0.9484536082474226,0.8181818181818181,1.0
740,0.9817518248175183,0.9438202247191012,0.8936170212765957,1.0
741,0.9825174825174825,0.9662921348314608,0.8108108108108107,1.0
742,0.9550561797752809,0.8672566371681415,0.7916666666666667,0.9473684210526316
743,0.979020979020979,0.9278350515463918,0.6666666666666667,0.8571428571428571
744,0.9787234042553191,0.9047619047619048,0.888888888888889,0.9523809523809523
745,0.9808695652173913,0.9113924050632912,0.8947368421052632,1.0
746,0.9863013698630136,0.9523809523809523,0.8,0.9523809523809523
747,0.9859154929577465,0.9565217391304347,0.8484848484848485,0.9523809523809523
748,0.9699115044247787,0.8541666666666667,0.923076923076923,1.0
749,0.984182776801406,0.9230769230769231,0.909090909090909,0.9565217391304348
750,0.9741824440619621,0.8533333333333334,0.8947368421052632,1.0
751,0.985663082437276,0.9292929292929293,0.9743589743589743,1.0
752,0.9760589318600368,0.923076923076923,0.8979591836734693,1.0
753,0.9763205828779599,0.9213483146067416,0.888888888888889,1.0
754,0.9806678383128296,0.9032258064516129,0.9142857142857143,0.9411764705882353
755,0.9718309859154929,0.8505747126436781,0.9047619047619048,0.9411764705882353
756,0.975609756097561,0.8809523809523809,0.8571428571428571,1.0
757,0.9787234042553191,0.9230769230769231,0.8372093023255814,0.8750000000000001
758,0.9704797047970479,0.9,0.88,1.0
759,0.9742647058823529,0.9259259259259259,0.7586206896551724,0.9696969696969697
760,0.9773123909249563,0.9090909090909092,0.878048780487805,1.0
761,0.9862542955326461,0.9014084507042254,0.9767441860465117,1.0
762,0.9894366197183098,0.9462365591397849,0.9500000000000001,0.923076923076923
763,0.9893617021276596,0.967032967032967,0.8648648648648649,0.9090909090909091
764,0.9857651245551601,0.9333333333333333,0.9545454545454545,1.0
765,0.9734513274336283,0.9213483146067416,0.7692307692307692,0.9523809523809523
766,0.9842931937172774,0.9183673469387755,0.9714285714285714,1.0
767,0.9782608695652174,0.9052631578947369,0.9047619047619048,0.9600000000000001
768,0.9689213893967092,0.9166666666666666,0.8163265306122449,1.0
769,0.9835466179159049,0.9423076923076924,0.9268292682926829,1.0
770,0.9744525547445255,0.9230769230769231,0.8387096774193549,1.0
771,0.9841269841269842,0.8915662650602411,1.0,1.0
772,0.9841269841269842,0.9230769230769231,0.9444444444444444,1.0
773,0.9761092150170648,0.84375,0.9,1.0
774,0.9818840579710144,0.9647058823529412,0.8571428571428571,0.9523809523809523
775,0.9764918625678121,0.9306930693069307,0.8444444444444444,0.9333333333333333
776,0.9911504424778761,0.975609756097561,0.9302325581395349,1.0
777,0.9695817490494297,0.8932038834951457,0.9180327868852458,1.0
778,0.982078853046595,0.9347826086956522,0.9047619047619048,1.0
779,0.9694793536804308,0.8941176470588236,0.8571428571428571,1.0
780,0.9801084990958409,0.9090909090909091,0.9523809523809523,1.0
781,0.9795918367346939,0.8857142857142857,0.8148148148148148,0.9655172413793104
782,0.9777777777777777,0.94017094017094,0.875,0.888888888888889
783,0.982876712328767,0.9195402298850576,0.8421052631578948,1.0
784,0.9807355516637477,0.9318181818181818,0.8717948717948718,1.0
785,0.9821428571428572,0.9367088607594937,0.9019607843137255,1.0
786,0.9840142095914743,0.9473684210526315,0.8181818181818182,0.9032258064516129
787,0.9896193771626298,0.9574468085106385,0.8799999999999999,0.9411764705882353
788,0.9765765765765766,0.9320388349514563,0.85,1.0
789,0.9860139860139859,0.9295774647887323,0.9142857142857143,1.0
790,0.9787985865724381,0.9302325581395349,0.7894736842105262,0.9166666666666666
791,0.9764065335753176,0.9462365591397849,0.846153846153846,1.0
792,0.9784172661870503,0.9010989010989011,0.9361702127659575,1.0
793,0.983957219251337,0.9113924050632911,0.96875,1.0
794,0.9817518248175182,0.9278350515463918,0.9361702127659575,1.0
795,0.9814814814814815,0.9333333333333333,0.9387755102040817,1.0
796,0.9896193771626298,0.9438202247191011,0.975609756097561,1.0
797,0.9724137931034483,0.888888888888889,0.7878787878787878,1.0
798,0.9780033840947546,0.8656716417910447,0.8888888888888888,1.0
799,0.9805996472663139,0.924731182795699,0.8,0.9655172413793104
800,0.9820788530465949,0.9382716049382716,0.8928571428571429,0.9473684210526316
801,0.9786476868327403,0.9375,0.85,1.0
802,0.9911504424778761,0.968421052631579,0.9444444444444444,1.0
803,0.9825174825174825,0.9367088607594937,0.8837209302325582,1.0
804,0.9817518248175183,0.923076923076923,0.9361702127659574,0.9333333333333333
805,0.9800362976406534,0.9174311926605505,0.9268292682926829,0.923076923076923
806,0.9845626072041166,0.9444444444444444,0.8780487804878049,1.0
807,0.9752650176678446,0.8686868686868686,0.9473684210526315,0.9090909090909091
808,0.9866220735785953,0.911764705882353,0.8823529411764706,0.8571428571428571
809,0.9778534923339012,0.8955223880597014,0.8571428571428571,1.0
810,0.978494623655914,0.9148936170212767,0.8648648648648648,0.9600000000000001
811,0.9785714285714286,0.9010989010989011,0.8947368421052632,0.9600000000000001
812,0.9828178694158075,0.9473684210526315,0.8333333333333334,1.0
813,0.981450252951096,0.888888888888889,0.9142857142857143,1.0
814,0.9767441860465115,0.9345794392523364,0.8500000000000001,1.0
815,0.9730700179533214,0.8941176470588235,0.8444444444444444,0.962962962962963
816,0.9795918367346939,0.9014084507042254,0.8333333333333333,0.9473684210526316
817,0.9760589318600369,0.9272727272727272,0.8421052631578947,0.9565217391304348
818,0.9813242784380306,0.8611111111111112,0.9655172413793104,1.0
819,0.9811320754716981,0.8695652173913043,0.9333333333333332,0.9411764705882353
820,0.9750889679715302,0.9176470588235294,0.8372093023255814,1.0
821,0.9930555555555556,0.9761904761904762,0.9333333333333333,1.0
822,0.9719298245614036,0.9010989010989011,0.851063829787234,1.0
823,0.9808695652173912,0.888888888888889,0.9019607843137256,0.8750000000000001
824,0.984182776801406,0.9130434782608695,0.975609756097561,1.0
825,0.9804618117229129,0.9069767441860465,0.918918918918919,1.0
826,0.974820143884892,0.94,0.7567567567567568,0.9523809523809523
827,0.9676258992805755,0.8260869565217391,0.8888888888888888,0.9333333333333333
828,0.9891696750902528,0.9555555555555556,0.9615384615384616,1.0
829,0.9820788530465949,0.9333333333333333,0.9047619047619048,1.0
830,0.9728752260397829,0.9108910891089109,0.8571428571428571,1.0
831,0.9811320754716981,0.9213483146067417,0.846153846153846,1.0
832,0.9739130434782608,0.8666666666666666,0.8666666666666666,0.9473684210526316
833,0.9689213893967094,0.8607594936708861,0.8679245283018868,0.9714285714285714
834,0.9768270944741533,0.9111111111111111,0.875,0.9333333333333333
835,0.9818181818181818,0.9285714285714285,0.9230769230769231,0.923076923076923
836,0.992831541218638,0.988235294117647,0.8837209302325582,0.9285714285714286
837,0.986013986013986,0.9333333333333332,0.9333333333333333,1.0
838,0.9787234042553191,0.9591836734693877,0.7499999999999999,1.0
839,0.9789473684210526,0.9183673469387755,0.8666666666666666,1.0
840,0.9709090909090909,0.9126213592233009,0.8444444444444444,1.0
841,0.9819494584837546,0.9176470588235294,0.9310344827586207,0.9411764705882353
842,0.9814502529510961,0.9180327868852459,0.8444444444444444,0.9333333333333333
843,0.9688073394495413,0.896551724137931,0.8363636363636363,0.962962962962963
844,0.9773123909249564,0.9230769230769231,0.8,0.9333333333333333
845,0.9779286926994907,0.9,0.8387096774193549,1.0
846,0.9689213893967092,0.9056603773584906,0.8108108108108107,1.0
847,0.9795221843003413,0.90625,0.8800000000000001,1.0
848,0.9857651245551602,0.9591836734693877,0.8750000000000001,1.0
849,0.9756944444444444,0.8571428571428571,0.8695652173913043,0.9090909090909091
850,0.9896907216494845,0.9438202247191011,0.962962962962963,1.0
851,0.9773123909249564,0.8641975308641976,0.9565217391304348,1.0
852,0.9732620320855615,0.888888888888889,0.8846153846153846,0.9090909090909091
853,0.9894366197183098,0.968421052631579,0.8823529411764706,0.9411764705882353
854,0.9796610169491526,0.8988764044943819,0.88,1.0
855,0.9871559633027523,0.9491525423728815,0.9696969696969697,1.0
856,0.9705372616984402,0.9263157894736843,0.6666666666666666,1.0
857,0.9797421731123388,0.9,0.9615384615384616,0.9473684210526316
858,0.978021978021978,0.9333333333333333,0.8679245283018867,0.9600000000000001
859,0.9912434325744307,0.9743589743589743,0.9333333333333333,1.0
860,0.9806678383128296,0.9166666666666666,0.8823529411764706,0.9333333333333333
861,0.9754385964912281,0.8863636363636364,0.8,0.967741935483871
862,0.9892857142857142,0.9534883720930233,0.9361702127659574,0.9523809523809523
863,0.9754385964912281,0.897196261682243,0.8571428571428571,1.0
864,0.9835466179159049,0.9298245614035088,0.9333333333333332,0.7499999999999999
865,0.9895833333333334,0.9782608695652174,0.8148148148148148,0.9473684210526316
866,0.9733333333333333,0.8529411764705882,0.8235294117647058,1.0
867,0.9929078014184397,0.9599999999999999,0.9545454545454545,0.967741935483871
868,0.9833333333333333,0.9315068493150684,0.8235294117647058,0.8571428571428571
869,0.988155668358714,0.9473684210526315,0.8571428571428571,0.9473684210526316
870,0.9813432835820894,0.9421487603305784,0.9268292682926829,1.0
871,0.9722735674676525,0.9090909090909091,0.8461538461538461,0.9090909090909091
872,0.9865319865319865,0.9090909090909091,0.9333333333333333,0.923076923076923
873,0.9811320754716981,0.896551724137931,0.9166666666666666,1.0
874,0.9809358752166377,0.8780487804878048,0.9743589743589743,1.0
875,0.9675090252707582,0.8510638297872342,0.8372093023255814,0.8695652173913044
876,0.9807355516637478,0.898876404494382,0.9411764705882353,1.0
877,0.9769094138543518,0.9130434782608695,0.8636363636363635,0.9333333333333333
878,0.9732620320855615,0.9318181818181819,0.7567567567567567,1.0
879,0.9854545454545455,0.9230769230769231,0.9803921568627451,1.0
880,0.9801084990958409,0.9484536082474228,0.8108108108108109,0.962962962962963
881,0.9814126394052045,0.9259259259259259,0.9523809523809523,1.0
882,0.9858156028368794,0.967032967032967,0.8421052631578947,0.9523809523809523
883,0.9883138564273791,0.9500000000000001,0.896551724137931,1.0
884,0.9706959706959707,0.9,0.896551724137931,1.0
885,0.9766606822262119,0.9,0.9333333333333332,1.0
886,0.9775280898876404,0.9193548387096774,0.918918918918919,0.9473684210526316
887,0.9755244755244754,0.9066666666666667,0.8181818181818182,0.9565217391304348
888,0.9844559585492229,0.9210526315789473,0.9032258064516129,1.0
889,0.9791666666666666,0.8974358974358975,0.8717948717948718,0.9523809523809523
890,0.984873949579832,0.9253731343283583,0.8484848484848485,0.9473684210526316
891,0.9735449735449735,0.888888888888889,0.8648648648648649,1.0
892,0.9768270944741532,0.9090909090909092,0.8387096774193548,1.0
893,0.9792387543252594,0.9367088607594937,0.7142857142857143,0.9655172413793104
894,0.9744463373083475,0.8333333333333333,0.923076923076923,1.0
895,0.9895104895104895,0.9473684210526315,0.9714285714285714,1.0
896,0.9734513274336283,0.8809523809523809,0.8399999999999999,0.8
897,0.9878260869565219,0.9523809523809524,0.8823529411764706,0.9523809523809523
898,0.979591836734694,0.9591836734693877,0.8852459016393442,1.0
899,0.9826989619377163,0.9285714285714286,0.8571428571428572,0.9411764705882353
900,0.9769094138543517,0.9302325581395349,0.84,0.9333333333333333
901,0.9782608695652174,0.9298245614035088,0.9047619047619047,1.0
902,0.9747292418772563,0.9052631578947369,0.8780487804878048,1.0
903,0.9829931972789115,0.9438202247191012,0.8148148148148148,1.0
904,0.9894736842105263,0.9545454545454545,0.9090909090909091,0.9565217391304348
905,0.9788732394366197,0.8705882352941177,0.9523809523809523,0.9473684210526316
906,0.9843478260869565,0.9176470588235294,0.9523809523809523,1.0
907,0.9854545454545454,0.9622641509433962,0.9130434782608696,1.0
908,0.9794520547945207,0.875,0.896551724137931,0.9523809523809523
909,0.9803220035778175,0.9111111111111112,0.9302325581395349,1.0
910,0.9858156028368794,0.9387755102040817,0.9268292682926829,0.9090909090909091
911,0.9822064056939502,0.9387755102040817,0.8750000000000001,1.0
912,0.9876977152899824,0.926829268292683,0.975609756097561,1.0
913,0.9787985865724383,0.9166666666666665,0.8837209302325582,0.888888888888889
914,0.9754385964912281,0.9249999999999999,0.7692307692307692,0.9600000000000001
915,0.9947826086956522,0.967032967032967,1.0,1.0
916,0.9789473684210527,0.9072164948453608,0.8484848484848485,0.8571428571428571
917,0.9837837837837837,0.9302325581395349,0.9189189189189189,1.0
918,0.9735449735449735,0.9347826086956522,0.7804878048780487,1.0
919,0.989010989010989,0.970873786407767,0.8823529411764706,0.967741935483871
920,0.974169741697417,0.9380530973451328,0.7567567567567567,0.9090909090909091
921,0.9808027923211169,0.9473684210526315,0.84,0.9333333333333333
922,0.9896193771626298,0.9382716049382716,0.9714285714285714,1.0
923,0.9876977152899824,0.9620253164556962,0.8947368421052632,1.0
924,0.9731663685152058,0.9183673469387754,0.7894736842105262,0.9473684210526316
925,0.9871559633027523,0.9615384615384616,0.923076923076923,1.0
926,0.9658886894075404,0.8484848484848485,0.7826086956521738,0.9714285714285714
927,0.9767441860465115,0.896551724137931,0.8648648648648648,0.967741935483871
928,0.9844020797227037,0.935064935064935,0.9047619047619047,1.0
929,0.9858657243816256,0.9411764705882352,0.9166666666666666,0.9333333333333333
930,0.9792387543252595,0.9375,0.7692307692307692,1.0
931,0.9822695035460993,0.9148936170212766,0.9142857142857143,0.9523809523809523
932,0.9767441860465115,0.891566265060241,0.8813559322033899,0.7692307692307693
933,0.9750889679715302,0.8947368421052632,0.875,1.0
934,0.9802513464991023,0.9032258064516129,0.9545454545454545,1.0
935,0.9861111111111112,0.951219512195122,0.8666666666666666,1.0
936,0.9887640449438202,0.972972972972973,0.9387755102040816,1.0
937,0.9787234042553191,0.9425287356321839,0.8627450980392156,1.0
938,0.9644128113879004,0.8636363636363636,0.8,1.0
939,0.975609756097561,0.8656716417910447,0.9090909090909091,1.0
940,0.9754385964912281,0.8656716417910447,0.9090909090909091,1.0
941,0.9775474956822107,0.8705882352941177,0.9473684210526316,1.0
942,0.9767441860465116,0.8780487804878049,0.9056603773584906,0.9
943,0.9609929078014183,0.8735632183908046,0.7843137254901961,1.0
944,0.983666061705989,0.9504950495049505,0.888888888888889,1.0
945,0.9762340036563072,0.9069767441860465,0.8800000000000001,0.967741935483871
946,0.9894736842105263,0.9484536082474228,0.962962962962963,1.0
947,0.9862542955326461,0.9285714285714286,0.9375,1.0
948,0.9879101899827287,0.962962962962963,0.8648648648648649,0.9411764705882353
949,0.9757009345794393,0.9243697478991597,0.8717948717948718,0.9523809523809523
950,0.9808027923211169,0.9148936170212766,0.8648648648648649,0.8
951,0.9843478260869565,0.942528735632184,0.8780487804878049,0.9090909090909091
952,0.966131907308378,0.8674698795180724,0.7804878048780488,0.9655172413793104
953,0.9782608695652174,0.9387755102040817,0.8750000000000001,1.0
954,0.9748201438848921,0.9176470588235294,0.8163265306122449,0.9166666666666666
955,0.976991150442478,0.9032258064516129,0.8947368421052632,1.0
956,0.98348623853211,0.9423076923076924,0.9302325581395349,1.0
957,0.9799635701275046,0.9072164948453607,0.9047619047619048,0.923076923076923
958,0.9825783972125435,0.8941176470588236,0.972972972972973,1.0
959,0.9689655172413794,0.8311688311688312,0.888888888888889,1.0
960,0.9813242784380306,0.9090909090909091,0.8888888888888888,1.0
961,0.9805309734513276,0.9361702127659575,0.8571428571428572,0.923076923076923
962,0.9858156028368794,0.9375,0.9142857142857143,0.9473684210526316
963,0.977859778597786,0.888888888888889,0.9130434782608695,0.9777777777777777
964,0.9765765765765766,0.924731182795699,0.8571428571428572,1.0
965,0.9795221843003413,0.9166666666666667,0.85,1.0
966,0.9716312056737589,0.888888888888889,0.8571428571428572,0.9090909090909091
967,0.9863945578231292,0.9295774647887323,0.9,0.9333333333333333
968,0.9853479853479854,0.9752066115702478,0.8,1.0
969,0.976234003656307,0.9369369369369368,0.8205128205128205,0.9411764705882353
970,0.974169741697417,0.9158878504672898,0.8484848484848485,1.0
971,0.9859649122807017,0.9333333333333333,0.9655172413793104,1.0
972,0.9862542955326461,0.9117647058823529,0.9302325581395349,0.9523809523809523
973,0.9794520547945205,0.9156626506024096,0.8235294117647058,0.923076923076923
974,0.9915682967959528,0.9473684210526315,0.9142857142857143,0.8
975,0.9874326750448833,0.9500000000000001,0.875,0.896551724137931
976,0.97632058287796,0.9126213592233009,0.8484848484848485,0.9655172413793104
977,0.9873873873873874,0.9397590361445783,0.9387755102040817,0.962962962962963
978,0.979890310786106,0.9278350515463918,0.92,1.0
979,0.9805309734513274,0.9263157894736842,0.8888888888888888,1.0
980,0.9877408056042032,0.9500000000000001,0.8571428571428572,0.8571428571428571
981,0.9872958257713249,0.9607843137254902,0.9302325581395349,1.0
982,0.9737302977232926,0.9,0.8148148148148148,1.0
983,0.9844020797227035,0.935064935064935,0.8947368421052632,1.0
984,0.9814814814814815,0.967032967032967,0.8727272727272727,1.0
985,0.9661319073083778,0.8686868686868686,0.8333333333333334,1.0
986,0.9825174825174825,0.9047619047619048,0.9333333333333333,1.0
987,0.9805996472663139,0.9,0.9655172413793104,1.0
988,0.9858657243816256,0.9425287356321839,0.8888888888888888,0.9600000000000001
989,0.9814502529510961,0.9295774647887323,0.85,1.0
990,0.9820788530465949,0.9555555555555557,0.875,1.0
991,0.9745454545454545,0.9176470588235294,0.8627450980392156,1.0
992,0.9838998211091234,0.9662921348314608,0.8636363636363635,1.0
993,0.9757914338919926,0.9292929292929293,0.888888888888889,1.0
994,0.9693693693693693,0.9090909090909091,0.8125000000000001,1.0
995,0.9834983498349835,0.9295774647887323,0.8571428571428572,1.0
996,0.9805996472663139,0.9375000000000001,0.8333333333333334,0.9333333333333333
997,0.9843478260869565,0.9176470588235294,0.9444444444444444,1.0
998,0.9822064056939501,0.9052631578947369,0.9523809523809523,0.9333333333333333
999,0.9841269841269841,0.95,0.7999999999999999,1.0
